# level,theme,typeCount,slotCapacity,threeStarSeconds,twoStarSeconds,clearReward,layers
# v9 progression: staged theme unlocks; slower icon-type ramp; level 120+ supports 4 layers; level 360+ supports 5 layers
1,Food,3,7,0,0,30,Grid@0:0:1
2,Food,3,7,60,120,30,MiniBar12@0:0:1
3,Food,3,7,85,170,28,Custom:...XX/XXXX./XXXX./XXXXX@0:0:1|LayerCrown15@0.5:0.5:0.94
4,Food,3,7,85,170,28,Custom:X...../XXXX../XXXXX./.XXXXX@0:0:1|LayerDiamond15@0.5:0.5:0.94
5,Food,3,7,86,172,28,Custom:XXX../XXXX./.XXX./XXXXX@0:0:1|LayerCap18@0.5:0.5:0.94
6,Food,3,7,86,172,28,Custom:...X/..XX/XXXX/XXXX/XXXX@0:0:1|LayerPillar12@0.5:0.5:0.94
7,Food,3,7,86,172,28,Custom:XX../.XX./XXX./XXXX/XXXX@0:0:1|LayerCross15@0.5:0.5:0.94
8,Food,3,7,86,172,29,Custom:.XX../.XXXX/.XXXX/XXXXX@0:0:1|LayerStagger9@0.5:0.5:0.94
9,Food,3,7,86,172,29,Custom:XX.../XX..X/XXXXX/XXXXX@0:0:1|LayerOffset12@0.5:0.5:0.94
10,Food,3,7,99,198,29,Custom:.XXX./.XX.X/.X.XX/.XX../XXXX.@0:0:1|LayerBlock9@0.5:0.5:0.94
11,Plant,3,7,87,174,29,Custom:...X../..XX../XXXXXX/XXXXXX@0:0:1|LayerLine12@0.5:0.5:0.94
12,Animal,3,7,87,174,29,Custom:.XX./XXX./.XXX/XXXX/.XXX@0:0:1|LayerCorners12@0.5:0.5:0.94
13,Food,3,7,93,186,29,Custom:..XXX/.XXXX/XXXXX/X.XXX/...XX@0:0:1|LayerCrown15@0.5:0.5:0.93
14,Plant,3,7,94,188,29,Custom:..XXX./XXXXXX/..XXXX/.XXXXX@0:0:1|LayerDiamond15@0.5:0.5:0.93
15,Animal,3,7,94,188,29,Custom:XX../XXXX/XXXX/XXXX/XXXX@0:0:1|LayerCap18@0.5:0.5:0.93
16,Food,3,7,94,188,30,SmallHeart18@0:0:1|LayerPillar12@0.5:0.5:0.93
17,Plant,3,7,94,188,30,Custom:..XX../.XXXX./XXXXXX/XXXXXX@0:0:1|LayerCross15@0.5:0.5:0.93
18,Animal,3,7,94,188,30,Custom:XXXX./XXX.X/XXXXX/XXXXX@0:0:1|LayerStagger9@0.5:0.5:0.93|LayerPillar12@0.5:0.5:0.64
19,Food,3,7,95,190,30,Custom:.....X/.XXXXX/XXXXXX/XXXXXX@0:0:1|LayerOffset12@0.5:0.5:0.93|LayerStagger9@0.5:0.5:0.64
20,Plant,3,7,132,264,30,Custom:..X.X./..XXXX/XXXXXX/X..XXX/....XX@0:0:1|LayerBlock9@0.5:0.5:0.93|LayerStagger9@0.5:0.5:0.62
21,Animal,3,7,95,190,30,Custom:...XX/...XX/XX.XX/XXXXX/XXXXX@0:0:1|LayerLine12@0.5:0.5:0.93|LayerMiniDiamond9@0.5:0.5:0.64
22,Food,3,7,95,190,30,Custom:..XX.X/..XXXX/.XXXXX/XXXXXX@0:0:1|LayerCorners12@0.5:0.5:0.93|LayerDiagonal6@0.5:0.5:0.64
23,Plant,3,7,96,192,30,Custom:XX..../XXXX../XXXXXX/XXXXXX@0:0:1|LayerCrown15@0.5:0.5:0.93|LayerLine12@0.5:0.5:0.64
24,Animal,3,7,121,242,31,Custom:XX.X./XXXXX/XXXXX/XXXXX@0:0:1|LayerDiamond15@0.5:0.5:0.93|LayerPillar12@0.5:0.5:0.62
25,Food,4,7,121,242,51,Custom:XXXXX./XXX.X./X..XXX/X.XXXX@0:0:1|LayerCap18@0.5:0.5:0.93|LayerDiagonal6@0.5:0.5:0.62
26,Plant,4,7,96,192,31,Custom:....X./X..XXX/XXXXX./.XXX../XXXXX.@0:0:1|LayerPillar12@0.5:0.5:0.93|LayerOffset12@0.5:0.5:0.64
27,Animal,4,7,96,192,31,Custom:..XX./XXXX./XX..X/X.XXX/XXXXX@0:0:1|LayerCross15@0.5:0.5:0.93|LayerDiamond15@0.5:0.5:0.64
28,Food,4,7,122,244,31,Custom:...X./.X.X./XXXXX/XXXXX/XXXXX@0:0:1|LayerStagger9@0.5:0.5:0.93|LayerMiniDiamond9@0.5:0.5:0.62
29,Plant,4,7,97,194,31,Custom:..X.../.XXXXX/XXXXXX/XXXXXX@0:0:1|LayerOffset12@0.5:0.5:0.93|LayerStagger9@0.5:0.5:0.64
30,Animal,4,7,134,268,31,Custom:..XXX/XXXXX/XXXXX/XXXXX@0:0:1|LayerBlock9@0.5:0.5:0.93|LayerOffset12@0.5:0.5:0.62
31,Food,4,7,103,206,31,Custom:..XXXX/.XXXXX/XXXXXX/XXXXXX@0:0:1|LayerLine12@0.5:0.5:0.93|LayerMiniDiamond9@0.5:0.5:0.64
32,Plant,4,7,129,258,32,Heart24@0:0:1|LayerCorners12@0.5:0.5:0.93|LayerDiagonal6@0.5:0.5:0.61
33,Animal,4,7,104,208,32,Custom:.XX.../XXX.../XXXX../XXXXXX/XXXXXX@0:0:1|LayerCrown15@0.5:0.5:0.93|LayerLine12@0.5:0.5:0.64
34,Food,4,7,104,208,32,Custom:..XXX/XXXXX/XXXXX/..XXX/XXXXX@0:0:1|LayerDiamond15@0.5:0.5:0.93|LayerCap18@0.5:0.5:0.64
35,Plant,4,7,104,208,32,Custom:..XXXX/..XXXX/...XXX/..XXXX/XXXXXX@0:0:1|LayerCap18@0.5:0.5:0.93|LayerCross15@0.5:0.5:0.64
36,Animal,4,7,129,258,32,Custom:XX..../XX.XX./.XXXXX/.XXXXX/.XXXXX@0:0:1|LayerPillar12@0.5:0.5:0.93|LayerCross15@0.5:0.5:0.61
37,Food,4,7,105,210,32,Custom:XXX.../XXXXXX/XXXXXX/XXXXXX@0:0:1|LayerCross15@0.5:0.5:0.93|LayerDiamond15@0.5:0.5:0.64
38,Plant,4,7,105,210,32,Custom:.X...../XXX.XXX/XXXXXXX/XXXXXXX@0:0:1|LayerStagger9@0.5:0.5:0.92|LayerPillar12@0.5:0.5:0.64
39,Animal,4,7,105,210,32,Custom:XXXX../XXXXX./XXXXXX/XXXXXX@0:0:1|LayerOffset12@0.5:0.5:0.92|LayerStagger9@0.5:0.5:0.64
40,Food,4,7,142,284,33,Custom:.XX..X/XXXXXX/XXXXXX/XXXXXX@0:0:1|LayerBlock9@0.5:0.5:0.92|LayerLine12@0.5:0.5:0.61
41,Food,4,7,106,212,33,Custom:.X.XX/XX.XX/XXXXX/.XXXX/XXXXX@0:0:1|LayerLine12@0.5:0.5:0.92|LayerMiniDiamond9@0.5:0.5:0.64
42,Plant,4,7,106,212,33,Custom:X...X./X..XX./XX.XX./XXXXXX/XXXXXX@0:0:1|LayerCorners12@0.5:0.5:0.92|LayerDiagonal6@0.5:0.5:0.64
43,Animal,4,7,106,212,33,Custom:..X.X./.XXXX./.XXXX./.XXXXX/XXXXXX@0:0:1|LayerCrown15@0.5:0.5:0.92|LayerLine12@0.5:0.5:0.64
44,Sweet,4,7,131,262,33,Custom:....XXX/X.X.XXX/X.XXXXX/XXXXXXX@0:0:1|LayerDiamond15@0.5:0.5:0.92|LayerOffset12@0.5:0.5:0.61
45,Food,4,7,106,212,33,Custom:XX.X../XXXXXX/XXXXXX/XXXXXX@0:0:1|LayerCap18@0.5:0.5:0.92|LayerCross15@0.5:0.5:0.64
46,Plant,4,7,107,214,33,Custom:X..XXX/XXXXX./XXXXXX/XXXXXX@0:0:1|LayerPillar12@0.5:0.5:0.92|LayerOffset12@0.5:0.5:0.64
47,Animal,4,7,107,214,33,Custom:.X..XX/XXXXXX/.XXXXX/.XXXX./..X.XX@0:0:1|LayerCross15@0.5:0.5:0.92|LayerDiamond15@0.5:0.5:0.64
48,Sweet,4,7,132,264,34,PrettyGem24@0:0:1|LayerStagger9@0.5:0.5:0.92|LayerStagger9@0.5:0.5:0.61
49,Food,4,7,107,214,34,Custom:.....X/..XXXX/X..XXX/XXXXXX/XXXXXX@0:0:1|LayerOffset12@0.5:0.5:0.92|LayerStagger9@0.5:0.5:0.64
50,Plant,4,7,145,290,54,Custom:...X.XX/..XXXXX/.XXXXXX/XXXXXXX@0:0:1|LayerBlock9@0.5:0.5:0.92|LayerCross15@0.5:0.5:0.61
51,Animal,4,7,108,216,34,Custom:...XX./...XXX/..XXXX/XXXXXX/XXXXXX@0:0:1|LayerLine12@0.5:0.5:0.92|LayerMiniDiamond9@0.5:0.5:0.64
52,Sweet,4,7,133,266,34,Custom:X...XX/XXXXXX/XXXXXX/XXXXXX@0:0:1|LayerCorners12@0.5:0.5:0.92|LayerPillar12@0.5:0.5:0.61
53,Food,4,7,108,216,34,Custom:X....../XXXX.XX/XXXXXXX/XXXXXXX@0:0:1|LayerCrown15@0.5:0.5:0.92|LayerLine12@0.5:0.5:0.64
54,Plant,4,7,108,216,34,Custom:XX..../XXX.../XXXX../XXXXXX/XXXXXX@0:0:1|LayerDiamond15@0.5:0.5:0.92|LayerCap18@0.5:0.5:0.64
55,Animal,4,7,109,218,34,Custom:..X.../XXXX../X.XXX./XXXXXX/XXXXXX@0:0:1|LayerCap18@0.5:0.5:0.92|LayerCross15@0.5:0.5:0.64
56,Sweet,4,7,134,268,35,Custom:.....X./X.XXXXX/XXXXXXX/XXXXXXX@0:0:1|LayerPillar12@0.5:0.5:0.92|LayerMiniDiamond9@0.5:0.5:0.61
57,Food,4,7,109,218,35,Custom:.XXXXX/.XXX.X/XXXXXX/XXXXXX@0:0:1|LayerCross15@0.5:0.5:0.92|LayerDiamond15@0.5:0.5:0.64
58,Plant,4,7,109,218,35,Custom:.X.XXX/.XXXXX/XXXXXX/XXXXXX@0:0:1|LayerStagger9@0.5:0.5:0.92|LayerPillar12@0.5:0.5:0.64
59,Animal,4,7,109,218,35,Custom:...XXX./..XXXXX/.XXXXXX/XXXXXXX@0:0:1|LayerOffset12@0.5:0.5:0.92|LayerStagger9@0.5:0.5:0.64
60,Sweet,4,7,147,294,35,Custom:.XXX../XXXXXX/XXXXXX/XXXXXX@0:0:1|LayerBlock9@0.5:0.5:0.92|LayerDiagonal6@0.5:0.5:0.61
61,Food,4,7,110,220,35,Custom:XX..../.XXX../.XXXXX/XX.XXX/XXXXXX@0:0:1|LayerLine12@0.5:0.5:0.92|LayerMiniDiamond9@0.5:0.5:0.64
62,Plant,4,7,110,220,35,Custom:..XX.../.XXXXX./XXXXXXX/XXXXXXX@0:0:1|LayerCorners12@0.5:0.5:0.92|LayerDiagonal6@0.5:0.5:0.64
63,Animal,4,7,110,220,35,Custom:.....X/..XXXX/..XXXX/XXXXXX/XXXXXX@0:0:1|LayerCrown15@0.5:0.5:0.91|LayerLine12@0.5:0.5:0.64
64,Sweet,4,7,136,272,36,PrettyFlower24@0:0:1|LayerDiamond15@0.5:0.5:0.91|LayerCross15@0.5:0.5:0.61
65,Food,4,7,111,222,36,Custom:..XXXXX/..XXXXX/...XXXX/XXXXXXX@0:0:1|LayerCap18@0.5:0.5:0.91|LayerCross15@0.5:0.5:0.64
66,Plant,4,7,111,222,36,Custom:.XXXX./XXXXX./XXXXXX/XXXXXX@0:0:1|LayerPillar12@0.5:0.5:0.91|LayerOffset12@0.5:0.5:0.64
67,Animal,4,7,111,222,36,Custom:...XX./..XXXX/XXXXX./XXXX../XXXXXX@0:0:1|LayerCross15@0.5:0.5:0.91|LayerDiamond15@0.5:0.5:0.64
68,Sweet,4,7,136,272,36,Custom:....XX/...XXX/.XXXXX/.XXXXX/XXXXXX@0:0:1|LayerStagger9@0.5:0.5:0.91|LayerLine12@0.5:0.5:0.61
69,Food,4,7,112,224,36,Custom:...X../..XXX./.XXXXX/XXXXXX/XXXXXX@0:0:1|LayerOffset12@0.5:0.5:0.91|LayerStagger9@0.5:0.5:0.64
70,Plant,4,7,149,298,36,Custom:.....X/.X...X/XXXXXX/XXXXXX/XXXXXX@0:0:1|LayerBlock9@0.5:0.5:0.91|LayerMiniDiamond9@0.5:0.5:0.61
71,Animal,5,7,118,236,36,Custom:X.....X/.X....X/XXXX.XX/XXXXXXX/XXXXXXX@0:0:1|LayerLine12@0.5:0.5:0.91|LayerMiniDiamond9@0.5:0.5:0.64
72,Sweet,5,7,143,286,37,Custom:...X.../..XXXX./..XXXXX/XXXXXXX/XXXXXXX@0:0:1|LayerCorners12@0.5:0.5:0.91|LayerOffset12@0.5:0.5:0.61
73,Food,5,7,119,238,37,Custom:.X..X./XX.XX./XXXXXX/XXXXXX/XXXXXX@0:0:1|LayerCrown15@0.5:0.5:0.91|LayerLine12@0.5:0.5:0.64
74,Plant,5,7,119,238,37,Custom:...XXX./.XXXXX./X...XXX/XX..XXX/XXXXXXX@0:0:1|LayerDiamond15@0.5:0.5:0.91|LayerCap18@0.5:0.5:0.64
75,Animal,5,7,144,288,57,Custom:.X.XXXX/.XXXXXX/.XXXXXX/XXXXXXX@0:0:1|LayerCap18@0.5:0.5:0.91|LayerLine12@0.5:0.5:0.61
76,Sweet,5,7,144,288,37,Custom:XXX../XXXX./XXX../XXXXX/XXXXX/XXXX.@0:0:1|LayerPillar12@0.5:0.5:0.91|LayerStagger9@0.5:0.5:0.61
77,Food,5,7,119,238,37,Custom:..X.XXX/XXXXXXX/XX.XXXX/XXXXXXX@0:0:1|LayerCross15@0.5:0.5:0.91|LayerDiamond15@0.5:0.5:0.64
78,Plant,5,7,120,240,37,Custom:.XXXX../XXXXXX./XXXXXXX/XXXXXXX@0:0:1|LayerStagger9@0.5:0.5:0.91|LayerPillar12@0.5:0.5:0.64
79,Animal,5,7,120,240,37,Custom:..XX../X.XXXX/XXXXXX/XXXXXX/XX.XXX@0:0:1|LayerOffset12@0.5:0.5:0.91|LayerStagger9@0.5:0.5:0.64
80,Sweet,5,7,157,314,38,Custom:.XXXX../.XXXXXX/XXXXXXX/XXXXXXX@0:0:1|LayerBlock9@0.5:0.5:0.91|LayerPillar12@0.5:0.5:0.61
81,Food,5,7,120,240,38,Custom:.X...XX/.XX..XX/....XXX/XXXXXXX/XXXXXXX@0:0:1|LayerLine12@0.5:0.5:0.91|LayerMiniDiamond9@0.5:0.5:0.64
82,Plant,5,7,121,242,38,Custom:.XXXX./XXXXXX/XXX.XX/..XXXX/.X.XXX/....X.@0:0:1|LayerCorners12@0.5:0.5:0.91|LayerDiagonal6@0.5:0.5:0.64
83,Animal,5,7,121,242,38,Custom:...X../.X.XX./.XXXXX/XXXXXX/.XXXXX/..XXXX@0:0:1|LayerCrown15@0.5:0.5:0.91|LayerLine12@0.5:0.5:0.64
84,Sweet,5,7,146,292,38,Custom:.XX..../..X..../X.XX.../XXXX.XX/XXX.XXX/.XXXXXX@0:0:1|LayerDiamond15@0.5:0.5:0.91|LayerMiniDiamond9@0.5:0.5:0.61
85,Bug,5,7,121,242,38,Custom:...XXX/.XXXXX/.X.XXX/XXXXXX/XXXXXX@0:0:1|LayerCap18@0.5:0.5:0.91|LayerCross15@0.5:0.5:0.64
86,Food,5,7,121,242,38,Custom:X....XX/XX..XXX/XX.X.XX/...XXXX/XXXXXXX@0:0:1|LayerPillar12@0.5:0.5:0.91|LayerOffset12@0.5:0.5:0.64
87,Plant,5,7,122,244,38,Custom:....X../.XXXXX./X..XXX./XXXXXXX/XXXXXXX@0:0:1|LayerCross15@0.5:0.5:0.91|LayerDiamond15@0.5:0.5:0.64
88,Animal,5,7,147,294,39,Custom:XXX.../XXXX../XXXXX./XXXXXX/XXXXXX@0:0:1|LayerStagger9@0.5:0.5:0.90|LayerDiagonal6@0.5:0.5:0.61
89,Sweet,5,7,122,244,39,Custom:...X.../.XXX.../XXXX.XX/XXXXXXX/XXXXXXX@0:0:1|LayerOffset12@0.5:0.5:0.90|LayerStagger9@0.5:0.5:0.64
90,Bug,5,7,159,318,39,PrettyRibbon30@0:0:1|LayerBlock9@0.5:0.5:0.90|LayerStagger9@0.5:0.5:0.61
91,Food,5,7,123,246,39,Custom:X....X/.XX.XX/XXXXXX/XXXXXX/XXXXXX@0:0:1|LayerLine12@0.5:0.5:0.90|LayerMiniDiamond9@0.5:0.5:0.64
92,Plant,5,7,148,296,39,Custom:.X...../XXX..X./XX.XXXX/.XXXXXX/XXXXXXX@0:0:1|LayerCorners12@0.5:0.5:0.90|LayerCross15@0.5:0.5:0.60
93,Animal,5,7,123,246,39,Custom:...X.../XXXXXXX/XXXXXXX/XXX.XX./X...XXX@0:0:1|LayerCrown15@0.5:0.5:0.90|LayerLine12@0.5:0.5:0.64
94,Sweet,5,7,123,246,39,Custom:X.XXXX/.X.X.X/.XXXXX/.XXXXX/XXXXXX@0:0:1|LayerDiamond15@0.5:0.5:0.90|LayerCap18@0.5:0.5:0.64
95,Bug,5,7,123,246,39,Custom:....X../...XXXX/.XX.XXX/XXXXXXX/XXXXXXX@0:0:1|LayerCap18@0.5:0.5:0.90|LayerCross15@0.5:0.5:0.64
96,Food,5,7,149,298,40,Custom:....XX./X.XXXX./XXXXXX./.XXXX.X/.XXXXXX@0:0:1|LayerPillar12@0.5:0.5:0.90|LayerLine12@0.5:0.5:0.60
97,Plant,5,7,124,248,40,Custom:XX..X./XX...X/XXXXX./XXXXX./.XX.X./XXXX.X@0:0:1|LayerCross15@0.5:0.5:0.90|LayerDiamond15@0.5:0.5:0.64
98,Animal,5,7,124,248,40,Custom:X..XXXX/.X..XXX/X..XXXX/.X.XXXX/X..XXXX@0:0:1|LayerStagger9@0.5:0.5:0.90|LayerPillar12@0.5:0.5:0.64
99,Sweet,5,7,124,248,40,Custom:...XX../..XXXX./.XXXXX./.XXXXXX/XXXXXXX@0:0:1|LayerOffset12@0.5:0.5:0.90|LayerStagger9@0.5:0.5:0.64
100,Bug,5,7,162,324,60,Custom:X..X../XXXXX./X.XXXX/XXXXXX/XXXXXX@0:0:1|LayerBlock9@0.5:0.5:0.90|LayerOffset12@0.5:0.5:0.60
101,Food,5,7,125,250,40,Custom:....XX./XX...XX/XX.XXX./XXXXXX./XXXXXXX@0:0:1|LayerLine12@0.5:0.5:0.90|LayerMiniDiamond9@0.5:0.5:0.64
102,Plant,5,7,125,250,40,Custom:....XX./.XX.XXX/.X.XX../XXXXXXX/XXXXXXX@0:0:1|LayerCorners12@0.5:0.5:0.90|LayerDiagonal6@0.5:0.5:0.64
103,Animal,5,7,125,250,40,Custom:...XXX/...XXX/XXXXXX/XXXXXX/XXXXXX@0:0:1|LayerCrown15@0.5:0.5:0.90|LayerLine12@0.5:0.5:0.64
104,Sweet,5,7,150,300,41,Custom:...X.../..XXX../XXXXXX./XXXXXXX/XXXXXXX@0:0:1|LayerDiamond15@0.5:0.5:0.90|LayerStagger9@0.5:0.5:0.60
105,Bug,5,7,126,252,41,Custom:.XXXX../..XXX../..XX.XX/.XXXXXX/XXXXXXX@0:0:1|LayerCap18@0.5:0.5:0.90|LayerCross15@0.5:0.5:0.64
106,Food,5,7,126,252,41,Custom:..XXX./.XXXXX/..XXXX/XXXXXX/XXXXXX@0:0:1|LayerPillar12@0.5:0.5:0.90|LayerOffset12@0.5:0.5:0.64
107,Plant,5,7,126,252,41,Custom:X.....X/XX...XX/XXX..XX/XXXX.XX/XXXXXXX@0:0:1|LayerCross15@0.5:0.5:0.90|LayerDiamond15@0.5:0.5:0.64
108,Animal,5,7,151,302,41,Custom:.X.X.XX/XXXX.../.XX..../XXXXXXX/XXXXXXX@0:0:1|LayerStagger9@0.5:0.5:0.90|LayerPillar12@0.5:0.5:0.60
109,Sweet,5,7,126,252,41,Custom:..XX../.XXXXX/.XXXXX/XXXXXX/XXXXXX@0:0:1|LayerOffset12@0.5:0.5:0.90|LayerStagger9@0.5:0.5:0.64
110,Bug,5,7,164,328,41,Custom:.XX.XXX/X.X.XXX/X..XXXX/....XXX/...XXX./..X.XX.@0:0:1|LayerBlock9@0.5:0.5:0.90|LayerLine12@0.5:0.5:0.60
111,Food,5,7,127,254,41,Custom:....X../....XX./XXXXXXX/XXXXXXX/XXXXXXX@0:0:1|LayerLine12@0.5:0.5:0.90|LayerMiniDiamond9@0.5:0.5:0.64
112,Plant,5,7,152,304,42,Custom:....X./...XXX/.XXXX./XXXXX./XXXXX./XXXXXX@0:0:1|LayerCorners12@0.5:0.5:0.90|LayerMiniDiamond9@0.5:0.5:0.60
113,Animal,5,7,127,254,42,Custom:.X.X.XX/XXXXXXX/.XXXXXX/XXXXXXX@0:0:1|LayerCrown15@0.5:0.5:0.89|LayerLine12@0.5:0.5:0.64
114,Sweet,5,7,128,256,42,Custom:...XXX./..X.XX./.X.XXXX/XX.XXXX/XXXXXXX@0:0:1|LayerDiamond15@0.5:0.5:0.89|LayerCap18@0.5:0.5:0.64
115,Bug,5,7,128,256,42,Custom:X...XX/XX.XXX/XXXXX./XX.XXX/XXXXXX@0:0:1|LayerCap18@0.5:0.5:0.89|LayerCross15@0.5:0.5:0.64
116,Food,5,7,153,306,42,Custom:XX.X.../XXXXXXX/XXXXXXX/XXXXXXX@0:0:1|LayerPillar12@0.5:0.5:0.89|LayerDiagonal6@0.5:0.5:0.60
117,Plant,5,7,128,256,42,Custom:...XXX./...X.XX/.X.XXXX/XXXXXXX/XXXX.XX@0:0:1|LayerCross15@0.5:0.5:0.89|LayerDiamond15@0.5:0.5:0.64
118,Animal,5,7,128,256,42,Custom:....XX/.XXXXX/.XXXXX/XXXXXX/XXXXXX@0:0:1|LayerStagger9@0.5:0.5:0.89|LayerPillar12@0.5:0.5:0.64
119,Sweet,5,7,129,258,42,Custom:X...../XX.XXX/XXXXXX/XXXXXX/XXXXXX@0:0:1|LayerOffset12@0.5:0.5:0.89|LayerStagger9@0.5:0.5:0.64
120,Bug,5,7,166,332,43,PrettyBow30@0:0:1|LayerBlock9@0.5:0.5:0.89|LayerCross15@0.5:0.5:0.60|LayerCross15@0.5:0.5:0.5
121,Food,5,7,129,258,43,Custom:....XX/XX.XXX/XX.XXX/XXXXXX/XXXXXX@0:0:1|LayerLine12@0.5:0.5:0.89|LayerMiniDiamond9@0.5:0.5:0.64|LayerOffset12@0.5:0.5:0.5
122,Plant,5,7,129,258,43,Custom:.X..../.XXXXX/XXXXXX/XXXXXX/XXXXXX@0:0:1|LayerCorners12@0.5:0.5:0.89|LayerDiagonal6@0.5:0.5:0.64|LayerDiamond15@0.5:0.5:0.5
123,Animal,5,7,130,260,43,Custom:..XXX.X/.XXXXXX/XXXXXXX/XXXXXXX@0:0:1|LayerCrown15@0.5:0.5:0.89|LayerLine12@0.5:0.5:0.64|LayerPillar12@0.5:0.5:0.5
124,Sweet,5,7,155,310,43,Custom:.XX.../.XXXXX/..XXXX/.XXXX./..XXXX/XX.XXX@0:0:1|LayerDiamond15@0.5:0.5:0.89|LayerLine12@0.5:0.5:0.60|LayerStagger9@0.5:0.5:0.5
125,Bug,5,7,155,310,63,Custom:..XX../..XX.X/..XXXX/.XXXXX/XXXXX./.XXXXX@0:0:1|LayerCap18@0.5:0.5:0.89|LayerStagger9@0.5:0.5:0.60|LayerCrown15@0.5:0.5:0.5
126,Food,5,7,130,260,43,Custom:....X.X/....XXX/..XXXXX/XXXXXXX/XXXXXXX@0:0:1|LayerPillar12@0.5:0.5:0.89|LayerOffset12@0.5:0.5:0.64|LayerMiniDiamond9@0.5:0.5:0.5
127,Plant,5,7,130,260,43,Custom:..XXX./XXXX../XXXXX./XXXXXX/XXXXXX@0:0:1|LayerCross15@0.5:0.5:0.89|LayerDiamond15@0.5:0.5:0.64|LayerDiagonal6@0.5:0.5:0.5
128,Animal,5,7,156,312,44,Custom:XX..X./XXXXXX/XXXXXX/..XXX./XXXXXX@0:0:1|LayerStagger9@0.5:0.5:0.89|LayerOffset12@0.5:0.5:0.60|LayerLine12@0.5:0.5:0.5
129,Sweet,5,7,131,262,44,Custom:.X...X./.X..XXX/XX..XXX/.XXXXXX/XXXXXXX@0:0:1|LayerOffset12@0.5:0.5:0.89|LayerStagger9@0.5:0.5:0.64|LayerCap18@0.5:0.5:0.5
130,Bug,5,7,168,336,44,Custom:XXX.../XX..X./XXXXXX/XXXXXX/XXXXXX@0:0:1|LayerBlock9@0.5:0.5:0.89|LayerDiagonal6@0.5:0.5:0.60|LayerCross15@0.5:0.5:0.5
131,Food,5,7,137,274,44,Custom:XXX.../XXXXXX/XXXXXX/XXXXXX/XXXXXX@0:0:1|LayerLine12@0.5:0.5:0.89|LayerMiniDiamond9@0.5:0.5:0.64|LayerOffset12@0.5:0.5:0.5
132,Plant,5,7,163,326,44,Custom:XX...XX/..XXXXX/X..XXXX/XXX.XXX/XXXXXXX@0:0:1|LayerCorners12@0.5:0.5:0.89|LayerStagger9@0.5:0.5:0.60|LayerDiamond15@0.5:0.5:0.5
133,Animal,5,7,138,276,44,Custom:X....X/XXX.XX/XXXXXX/XX.XXX/XX.XXX/X..XXX@0:0:1|LayerCrown15@0.5:0.5:0.89|LayerLine12@0.5:0.5:0.64|LayerPillar12@0.5:0.5:0.5
134,Sweet,5,7,138,276,44,Custom:..XXX./XXXXXX/XXXXXX/XXXXXX/XXXXXX@0:0:1|LayerDiamond15@0.5:0.5:0.89|LayerCap18@0.5:0.5:0.64|LayerStagger9@0.5:0.5:0.5
135,Bug,5,7,138,276,44,Custom:.....X./XXX..XX/XXXXXXX/XXXXXXX/XXXXXXX@0:0:1|LayerCap18@0.5:0.5:0.89|LayerCross15@0.5:0.5:0.64|LayerCrown15@0.5:0.5:0.5
136,Food,5,7,163,326,45,Custom:X...XX/XXXXXX/XXXXXX/XXXXXX/XXXXXX@0:0:1|LayerPillar12@0.5:0.5:0.89|LayerPillar12@0.5:0.5:0.60|LayerMiniDiamond9@0.5:0.5:0.5
137,Plant,5,7,139,278,45,Custom:.XXXX./.XXXXX/XXXXXX/XXXXXX/XXXXXX@0:0:1|LayerCross15@0.5:0.5:0.89|LayerDiamond15@0.5:0.5:0.64|LayerDiagonal6@0.5:0.5:0.5
138,Animal,5,7,139,278,45,Custom:....X../XX.XX.X/XXXXXXX/XXXXXXX/XXXXXXX@0:0:1|LayerStagger9@0.5:0.5:0.88|LayerPillar12@0.5:0.5:0.64|LayerLine12@0.5:0.5:0.5
139,Sweet,5,7,139,278,45,Custom:.X..X./XX.XXX/...XX./XXXXXX/XXXXXX/XXXXXX@0:0:1|LayerOffset12@0.5:0.5:0.88|LayerStagger9@0.5:0.5:0.64|LayerCap18@0.5:0.5:0.5
140,Bug,5,7,176,352,45,Custom:...X../.XXX../.XXXXX/XXXXXX/XXXXXX/XXXXXX@0:0:1|LayerBlock9@0.5:0.5:0.88|LayerMiniDiamond9@0.5:0.5:0.60|LayerCross15@0.5:0.5:0.5
141,Animal,6,7,140,280,45,Custom:..X..../.XX.XXX/XXXXXXX/XXXXXXX/XXXXXXX@0:0:1|LayerLine12@0.5:0.5:0.88|LayerMiniDiamond9@0.5:0.5:0.64|LayerOffset12@0.5:0.5:0.5
142,Sweet,6,7,140,280,45,Custom:.X.XX./XXXXXX/XXXXXX/XXXXXX/XXXXXX@0:0:1|LayerCorners12@0.5:0.5:0.88|LayerDiagonal6@0.5:0.5:0.64|LayerDiamond15@0.5:0.5:0.5
143,Bug,6,7,140,280,45,Custom:.XXXXX/X.XXXX/.XXXXX/XXXXXX/XXXXXX@0:0:1|LayerCrown15@0.5:0.5:0.88|LayerLine12@0.5:0.5:0.64|LayerPillar12@0.5:0.5:0.5
144,Vehicle,6,7,165,330,46,Custom:.....XX/XXX.XXX/XXX..XX/XXXXXXX/XXXXXXX@0:0:1|LayerDiamond15@0.5:0.5:0.88|LayerDiagonal6@0.5:0.5:0.60|LayerStagger9@0.5:0.5:0.5
145,Food,6,7,140,280,46,Custom:..X.../..XX../XXXXXX/XXXXXX/XXXXXX/XXXXXX@0:0:1|LayerCap18@0.5:0.5:0.88|LayerCross15@0.5:0.5:0.64|LayerCrown15@0.5:0.5:0.5
146,Plant,6,7,141,282,46,Custom:..XX../..XXX./.XXXX./XXXXXX/XXXXXX/XXXXXX@0:0:1|LayerPillar12@0.5:0.5:0.88|LayerOffset12@0.5:0.5:0.64|LayerMiniDiamond9@0.5:0.5:0.5
147,Animal,6,7,141,282,46,Custom:X....../XXXXX../XXXXXXX/XXXXXXX/XXXXXXX@0:0:1|LayerCross15@0.5:0.5:0.88|LayerDiamond15@0.5:0.5:0.64|LayerDiagonal6@0.5:0.5:0.5
148,Sweet,6,7,166,332,46,Custom:..XXXX/.XXXXX/XXXXXX/XXXXXX/XXXXXX@0:0:1|LayerStagger9@0.5:0.5:0.88|LayerCross15@0.5:0.5:0.60|LayerLine12@0.5:0.5:0.5
149,Bug,6,7,141,282,46,Custom:XXXX../XXXX.X/XXXXXX/XXXXXX/XXXXXX@0:0:1|LayerOffset12@0.5:0.5:0.88|LayerStagger9@0.5:0.5:0.64|LayerCap18@0.5:0.5:0.5
150,Vehicle,6,7,179,358,66,Custom:..X.XX./.XXXXX./.XXXXXX/.XXXXXX/XXXXXXX@0:0:1|LayerBlock9@0.5:0.5:0.88|LayerPillar12@0.5:0.5:0.60|LayerCross15@0.5:0.5:0.5
151,Food,6,7,142,284,46,Custom:XX..X./XXXXXX/XXXXXX/XXXXXX/XXXXXX@0:0:1|LayerLine12@0.5:0.5:0.88|LayerMiniDiamond9@0.5:0.5:0.64|LayerOffset12@0.5:0.5:0.5
152,Plant,6,7,167,334,47,Custom:X..XXX/.XXXXX/XXXXXX/XXXXXX/XXXXXX@0:0:1|LayerCorners12@0.5:0.5:0.88|LayerLine12@0.5:0.5:0.59|LayerDiamond15@0.5:0.5:0.5
153,Animal,6,7,142,284,47,Custom:XX....X/X..XX../XXXXXXX/XXXXXXX/XXXXXXX@0:0:1|LayerCrown15@0.5:0.5:0.88|LayerLine12@0.5:0.5:0.64|LayerPillar12@0.5:0.5:0.5
154,Sweet,6,7,142,284,47,Custom:.XX.X./XXXXXX/XXXXX./.XXXX./XXXX.X/X..XXX@0:0:1|LayerDiamond15@0.5:0.5:0.88|LayerCap18@0.5:0.5:0.64|LayerStagger9@0.5:0.5:0.5
155,Bug,6,7,143,286,47,Custom:.XXXX./XXXXX./XXXXXX/XXXXXX/XXXXXX@0:0:1|LayerCap18@0.5:0.5:0.88|LayerCross15@0.5:0.5:0.64|LayerCrown15@0.5:0.5:0.5
156,Vehicle,6,7,168,336,47,Custom:XXX..../XXX.X../XXXXXX./XXXXXXX/XXXXXXX@0:0:1|LayerPillar12@0.5:0.5:0.88|LayerOffset12@0.5:0.5:0.59|LayerMiniDiamond9@0.5:0.5:0.5
157,Food,6,7,143,286,47,Custom:XX...X/XXXXXX/XXXXXX/XXXXXX/XXXXXX@0:0:1|LayerCross15@0.5:0.5:0.88|LayerDiamond15@0.5:0.5:0.64|LayerDiagonal6@0.5:0.5:0.5
158,Plant,6,7,143,286,47,Custom:XXX..X/XXXXXX/XXXXXX/XXXXX./XXXXXX@0:0:1|LayerStagger9@0.5:0.5:0.88|LayerPillar12@0.5:0.5:0.64|LayerLine12@0.5:0.5:0.5
159,Animal,6,7,143,286,47,Custom:..X.X../XX..XX./XXXXXXX/XXXXXXX/XXXXXXX@0:0:1|LayerOffset12@0.5:0.5:0.88|LayerStagger9@0.5:0.5:0.64|LayerCap18@0.5:0.5:0.5
160,Sweet,6,7,156,312,48,Custom:XXXX../XXXXXX/.XXXXX/XXXXXX/XXXXXX@0:0:1|LayerBlock9@0.5:0.5:0.88|LayerCrown15@0.5:0.5:0.64|LayerCross15@0.5:0.5:0.5
161,Bug,6,7,169,338,48,Custom:.X.XX./...XXX/X..XXX/.XXXXX/XXXXXX/XXXXXX@0:0:1|LayerLine12@0.5:0.5:0.88|LayerMiniDiamond9@0.5:0.5:0.59|LayerOffset12@0.5:0.5:0.5
162,Vehicle,6,7,169,338,48,Custom:..XXXX./.XXXXX./X.XXX../XXXXXXX/XXXXXXX@0:0:1|LayerCorners12@0.5:0.5:0.88|LayerCross15@0.5:0.5:0.59|LayerDiamond15@0.5:0.5:0.5
163,Food,6,7,144,288,48,Custom:..X.XX/XXXXXX/XXXXXX/XXXXXX/XXXXXX@0:0:1|LayerCrown15@0.5:0.5:0.87|LayerLine12@0.5:0.5:0.64|LayerPillar12@0.5:0.5:0.5
164,Plant,6,7,170,340,48,Custom:.XXXX./XXXXXX/.XXXXX/XXXXXX/XXXXXX@0:0:1|LayerDiamond15@0.5:0.5:0.87|LayerPillar12@0.5:0.5:0.59|LayerStagger9@0.5:0.5:0.5
165,Animal,6,7,170,340,48,Custom:XXXX.XX/XXXXXXX/XXXXXXX/XXXXXXX@0:0:1|LayerCap18@0.5:0.5:0.87|LayerDiagonal6@0.5:0.5:0.59|LayerCrown15@0.5:0.5:0.5
166,Sweet,6,7,145,290,48,Custom:...X.../...X.../X.XXX../XXXXXXX/XXXXXXX/XXXXXXX@0:0:1|LayerPillar12@0.5:0.5:0.87|LayerOffset12@0.5:0.5:0.64|LayerMiniDiamond9@0.5:0.5:0.5
167,Bug,6,7,170,340,48,Custom:.XX.X./XXXXXX/XXXXXX/XXXXXX/XXXXXX@0:0:1|LayerCross15@0.5:0.5:0.87|LayerStagger9@0.5:0.5:0.59|LayerDiagonal6@0.5:0.5:0.5
168,Vehicle,6,7,170,340,49,Custom:...X.../..XXXXX/XXXXXXX/XXXXXXX/XXXXXXX@0:0:1|LayerStagger9@0.5:0.5:0.87|LayerMiniDiamond9@0.5:0.5:0.59|LayerLine12@0.5:0.5:0.5
169,Food,6,7,146,292,49,Custom:.....XX/XX..XXX/XX.XXXX/XXXXXXX/XXXXXXX@0:0:1|LayerOffset12@0.5:0.5:0.87|LayerStagger9@0.5:0.5:0.64|LayerCap18@0.5:0.5:0.5
170,Plant,6,7,183,366,49,Custom:.X..XX/XXXXXX/XXXXXX/XXXXXX/XXXXXX@0:0:1|LayerBlock9@0.5:0.5:0.87|LayerOffset12@0.5:0.5:0.59|LayerCross15@0.5:0.5:0.5
171,Animal,6,7,171,342,49,Custom:.X..XXX/.XXXXX./.XXXXX./.XXXXXX/XXXXXXX@0:0:1|LayerLine12@0.5:0.5:0.87|LayerPillar12@0.5:0.5:0.59|LayerOffset12@0.5:0.5:0.5
172,Sweet,6,7,146,292,49,Custom:...XX../.XXXXXX/XXXXXX./XXXXXX./XXXXXXX@0:0:1|LayerCorners12@0.5:0.5:0.87|LayerDiagonal6@0.5:0.5:0.64|LayerDiamond15@0.5:0.5:0.5
173,Bug,6,7,172,344,49,Custom:.XXX../XXXXXX/XXXXXX/XXXXXX/XXXXXX@0:0:1|LayerCrown15@0.5:0.5:0.87|LayerLine12@0.5:0.5:0.59|LayerPillar12@0.5:0.5:0.5
174,Vehicle,6,7,172,344,49,Custom:.X...X./XXX..XX/XXXXXXX/X.XXXXX/XXXXXXX@0:0:1|LayerDiamond15@0.5:0.5:0.87|LayerStagger9@0.5:0.5:0.59|LayerStagger9@0.5:0.5:0.5
175,Food,6,7,147,294,69,Custom:..X.X../..XXX../.XXXX../.XXXX../XXXXXXX/XXXXXXX@0:0:1|LayerCap18@0.5:0.5:0.87|LayerCross15@0.5:0.5:0.64|LayerCrown15@0.5:0.5:0.5
176,Plant,6,7,172,344,50,Custom:XX.X../XXXXXX/XXXXXX/XXXXXX/XXXXXX@0:0:1|LayerPillar12@0.5:0.5:0.87|LayerCross15@0.5:0.5:0.59|LayerMiniDiamond9@0.5:0.5:0.5
177,Animal,6,7,172,344,50,Custom:X...X.X/XX.XX../XX.XXXX/XXXXXXX/XXXXXXX@0:0:1|LayerCross15@0.5:0.5:0.87|LayerOffset12@0.5:0.5:0.59|LayerDiagonal6@0.5:0.5:0.5
178,Sweet,6,7,148,296,50,Custom:XXXXX.X/XXXXXXX/XXXXXXX/XXXXXXX@0:0:1|LayerStagger9@0.5:0.5:0.87|LayerPillar12@0.5:0.5:0.64|LayerLine12@0.5:0.5:0.5
179,Bug,6,7,173,346,50,Custom:X...../X..X../XXXXXX/XXXXXX/XXXXXX/XXXXXX@0:0:1|LayerOffset12@0.5:0.5:0.87|LayerDiagonal6@0.5:0.5:0.59|LayerCap18@0.5:0.5:0.5
180,Vehicle,6,7,185,370,50,HeartWide36@0:0:1|LayerBlock9@0.5:0.5:0.87|LayerLine12@0.5:0.5:0.59|LayerCross15@0.5:0.5:0.5
181,Food,6,7,148,296,50,Custom:....XXX/X.X..XX/XXXXXXX/.XXXX.X/XX.X..X/.XX..XX@0:0:1|LayerLine12@0.5:0.5:0.87|LayerMiniDiamond9@0.5:0.5:0.64|LayerOffset12@0.5:0.5:0.5
182,Plant,6,7,174,348,50,Custom:....X./XXXXX./XXXXXX/.XX.XX/X.XXXX/XXXXXX@0:0:1|LayerCorners12@0.5:0.5:0.87|LayerMiniDiamond9@0.5:0.5:0.59|LayerDiamond15@0.5:0.5:0.5
183,Animal,6,7,174,348,50,Custom:....XX./.XXXX../XXXXXXX/XXXXXXX/XXXXXXX@0:0:1|LayerCrown15@0.5:0.5:0.87|LayerCross15@0.5:0.5:0.59|LayerPillar12@0.5:0.5:0.5
184,Sweet,6,7,149,298,51,Custom:.....X./.XXXXXX/XXXX.XX/XXXXXXX/XXXXXXX@0:0:1|LayerDiamond15@0.5:0.5:0.87|LayerCap18@0.5:0.5:0.64|LayerStagger9@0.5:0.5:0.5
185,Bug,6,7,174,348,51,Custom:XXX.XX/XXXXXX/XXXX.X/XXXXX./XXXXXX@0:0:1|LayerCap18@0.5:0.5:0.87|LayerPillar12@0.5:0.5:0.59|LayerCrown15@0.5:0.5:0.5
186,Vehicle,6,7,174,348,51,Custom:.XX..../.XX..../..XXXX./XXX.XXX/XXXXXXX/XXXXXX.@0:0:1|LayerPillar12@0.5:0.5:0.87|LayerDiagonal6@0.5:0.5:0.59|LayerMiniDiamond9@0.5:0.5:0.5
187,Food,6,7,150,300,51,Custom:..XXX../..XXXX./.XXXXXX/XXXXXXX/XXXXXXX@0:0:1|LayerCross15@0.5:0.5:0.87|LayerDiamond15@0.5:0.5:0.64|LayerDiagonal6@0.5:0.5:0.5
188,Plant,6,7,175,350,51,Custom:...X../.XXX../XXXXX./XXXXXX/XXXXXX/XXXXXX@0:0:1|LayerStagger9@0.5:0.5:0.86|LayerStagger9@0.5:0.5:0.59|LayerLine12@0.5:0.5:0.5
189,Animal,6,7,175,350,51,Custom:.XXXXXX/XXXXXXX/XXXXXXX/XXXXXXX@0:0:1|LayerOffset12@0.5:0.5:0.86|LayerMiniDiamond9@0.5:0.5:0.59|LayerCap18@0.5:0.5:0.5
190,Sweet,6,7,162,324,51,Custom:...XX../X.XXX.X/XXXXX.X/XXXXXXX/XXXXXXX@0:0:1|LayerBlock9@0.5:0.5:0.86|LayerCrown15@0.5:0.5:0.64|LayerCross15@0.5:0.5:0.5
191,Bug,6,7,176,352,51,Custom:XXXX../XXXXXX/XXXXXX/XXXXX./XXXXXX@0:0:1|LayerLine12@0.5:0.5:0.86|LayerOffset12@0.5:0.5:0.59|LayerOffset12@0.5:0.5:0.5
192,Vehicle,6,7,176,352,52,Custom:XXXXXXX/XXXXXXX/.XX.XXX/.XXXXX./...XXX.@0:0:1|LayerCorners12@0.5:0.5:0.86|LayerPillar12@0.5:0.5:0.59|LayerDiamond15@0.5:0.5:0.5
193,Food,6,7,151,302,52,Custom:.....X./..XXXXX/XXXXXXX/XXXXXXX/XXXXXXX@0:0:1|LayerCrown15@0.5:0.5:0.86|LayerLine12@0.5:0.5:0.64|LayerPillar12@0.5:0.5:0.5
194,Plant,6,7,176,352,52,Custom:..X.../.XXXX./.XXXX./XXXXXX/XXXXXX/XXXXXX@0:0:1|LayerDiamond15@0.5:0.5:0.86|LayerLine12@0.5:0.5:0.59|LayerStagger9@0.5:0.5:0.5
195,Animal,6,7,176,352,52,Custom:XX.XXXX/XXXXXXX/XXXXXXX/XXXXXXX@0:0:1|LayerCap18@0.5:0.5:0.86|LayerStagger9@0.5:0.5:0.59|LayerCrown15@0.5:0.5:0.5
196,Sweet,6,7,152,304,52,Custom:...XX../XXXXX../XXXXXXX/XXXXXXX/XXXXXX.@0:0:1|LayerPillar12@0.5:0.5:0.86|LayerOffset12@0.5:0.5:0.64|LayerMiniDiamond9@0.5:0.5:0.5
197,Bug,6,7,177,354,52,Custom:.XXXXX/.XXXXX/.XXXXX/XXXXXX/XXXXXX@0:0:1|LayerCross15@0.5:0.5:0.86|LayerCross15@0.5:0.5:0.59|LayerDiagonal6@0.5:0.5:0.5
198,Vehicle,6,7,177,354,52,Custom:...XXX./..XXXX./.XXXXXX/XXXXXXX/XXXXXXX@0:0:1|LayerStagger9@0.5:0.5:0.86|LayerOffset12@0.5:0.5:0.59|LayerLine12@0.5:0.5:0.5
199,Food,6,7,152,304,52,Custom:...XX../XXXXX../.XXXXXX/XXXXXXX/XXXXXXX@0:0:1|LayerOffset12@0.5:0.5:0.86|LayerStagger9@0.5:0.5:0.64|LayerCap18@0.5:0.5:0.5
200,Plant,6,7,190,380,73,Custom:..XXXX/XXXXXX/X.XXXX/XXXXXX/XXXXXX@0:0:1|LayerBlock9@0.5:0.5:0.86|LayerDiagonal6@0.5:0.5:0.59|LayerCross15@0.5:0.5:0.5
201,Animal,6,7,178,356,53,Custom:.XX..../.XXXXXX/XXXXXXX/XX.XXXX/XXX.XXX@0:0:1|LayerLine12@0.5:0.5:0.86|LayerLine12@0.5:0.5:0.59|LayerOffset12@0.5:0.5:0.5
202,Sweet,6,7,153,306,53,Custom:X....../X..X.../XX.X.X./X.XXXXX/XXXXXXX/XXXXXXX@0:0:1|LayerCorners12@0.5:0.5:0.86|LayerDiagonal6@0.5:0.5:0.64|LayerDiamond15@0.5:0.5:0.5
203,Bug,6,7,178,356,53,Custom:XXX..X/XXXXXX/XXXXXX/XXXXXX/.XXXXX@0:0:1|LayerCrown15@0.5:0.5:0.86|LayerMiniDiamond9@0.5:0.5:0.59|LayerPillar12@0.5:0.5:0.5
204,Vehicle,6,7,178,356,53,Custom:.XXX.../XXXXXX./.XXXXX./.XXXXXX/XXXXXXX@0:0:1|LayerDiamond15@0.5:0.5:0.86|LayerCross15@0.5:0.5:0.59|LayerStagger9@0.5:0.5:0.5
205,Food,6,7,154,308,53,Custom:...XX.X/.X.XXXX/.XXXXXX/.XXXXXX/XXXXXXX@0:0:1|LayerCap18@0.5:0.5:0.86|LayerCross15@0.5:0.5:0.64|LayerCrown15@0.5:0.5:0.5
206,Plant,6,7,179,358,53,Custom:XXXX../XXX.XX/XXXXXX/XXXXXX/XXXXXX@0:0:1|LayerPillar12@0.5:0.5:0.86|LayerPillar12@0.5:0.5:0.59|LayerMiniDiamond9@0.5:0.5:0.5
207,Animal,6,7,179,358,53,Custom:....X../..XXX../.XXXXX./.XXXXX./.XXXXXX/XXXXXXX@0:0:1|LayerCross15@0.5:0.5:0.86|LayerDiagonal6@0.5:0.5:0.59|LayerDiagonal6@0.5:0.5:0.5
208,Sweet,6,7,154,308,54,Custom:...X.X./.XXXXX./XXXXXXX/XXXXXX./XXXXXXX@0:0:1|LayerStagger9@0.5:0.5:0.86|LayerPillar12@0.5:0.5:0.64|LayerLine12@0.5:0.5:0.5
209,Bug,6,7,179,358,54,Custom:X.X..X/XXXXXX/XXXXXX/XXXXXX/XXXXXX@0:0:1|LayerOffset12@0.5:0.5:0.86|LayerStagger9@0.5:0.5:0.59|LayerCap18@0.5:0.5:0.5
210,Vehicle,6,7,192,384,54,Custom:....X../X..XXXX/XXXXXXX/XXXXXXX/XXXXXXX@0:0:1|LayerBlock9@0.5:0.5:0.86|LayerMiniDiamond9@0.5:0.5:0.59|LayerCross15@0.5:0.5:0.5
211,Food,6,7,155,310,54,Custom:..X.X../X.XXX.X/XXX.XXX/XXXXXXX/XXXXXXX@0:0:1|LayerLine12@0.5:0.5:0.86|LayerMiniDiamond9@0.5:0.5:0.64|LayerOffset12@0.5:0.5:0.5
212,Plant,6,7,180,360,54,Custom:XXXX../XXXXXX/XXXXXX/XXXXXX/.XXXXX@0:0:1|LayerCorners12@0.5:0.5:0.86|LayerOffset12@0.5:0.5:0.58|LayerDiamond15@0.5:0.5:0.5
213,Animal,6,7,180,360,54,Custom:XXXXXX/X.XXXX/..XXXX/XXXXXX/XXXXXX@0:0:1|LayerCrown15@0.5:0.5:0.85|LayerPillar12@0.5:0.5:0.58|LayerPillar12@0.5:0.5:0.5
214,Sweet,6,7,156,312,54,Custom:.X.X.../XXXX.../XXXXXXX/XXXXXXX/XXXXXXX@0:0:1|LayerDiamond15@0.5:0.5:0.85|LayerCap18@0.5:0.5:0.64|LayerStagger9@0.5:0.5:0.5
215,Bug,6,7,181,362,54,Custom:...X../..XXXX/.XXXX./XXXXXX/XXXXXX/XXXXXX@0:0:1|LayerCap18@0.5:0.5:0.85|LayerLine12@0.5:0.5:0.58|LayerCrown15@0.5:0.5:0.5
216,Vehicle,6,7,181,362,55,Custom:X...../XXX.../XXXXX./XXXXXX/XXXXXX/XXXXXX@0:0:1|LayerPillar12@0.5:0.5:0.85|LayerStagger9@0.5:0.5:0.58|LayerMiniDiamond9@0.5:0.5:0.5
217,Food,6,7,156,312,55,Custom:....X../..XXXXX/XXXXXXX/XXXXXXX/XXXXXXX@0:0:1|LayerCross15@0.5:0.5:0.85|LayerDiamond15@0.5:0.5:0.64|LayerDiagonal6@0.5:0.5:0.5
218,Plant,6,7,181,362,55,Custom:XXX..X/XXX.XX/XXXXXX/XXXXXX/XXXXXX@0:0:1|LayerStagger9@0.5:0.5:0.85|LayerCross15@0.5:0.5:0.58|LayerLine12@0.5:0.5:0.5
219,Animal,6,7,182,364,55,Custom:.....XX/....XXX/X...XXX/..XXXXX/.XXXXXX/XXXXXXX@0:0:1|LayerOffset12@0.5:0.5:0.85|LayerOffset12@0.5:0.5:0.58|LayerCap18@0.5:0.5:0.5
220,Sweet,6,7,169,338,55,Custom:..XXXX./...XXX./.XXXXXX/XXXXXXX/XXXXXXX@0:0:1|LayerBlock9@0.5:0.5:0.85|LayerCrown15@0.5:0.5:0.64|LayerCross15@0.5:0.5:0.5
221,Sweet,6,7,188,376,55,Custom:...X.X./XXXXXXX/XXXXXXX/XXXXXXX/XXXXXXX@0:0:1|LayerLine12@0.5:0.5:0.85|LayerDiagonal6@0.5:0.5:0.58|LayerOffset12@0.5:0.5:0.5
222,Bug,6,7,188,376,55,Custom:....X../..XXX../..XXXXX/XXXXXXX/XXXXXXX/XXXXXXX@0:0:1|LayerCorners12@0.5:0.5:0.85|LayerLine12@0.5:0.5:0.58|LayerDiamond15@0.5:0.5:0.5
223,Vehicle,6,7,164,328,55,Custom:..X..XX./XXXXXXXX/XXXXXXXX/.XXXXXX./.XXXX.X.@0:0:1|LayerCrown15@0.5:0.5:0.85|LayerLine12@0.5:0.5:0.64|LayerPillar12@0.5:0.5:0.5
224,Weather,6,7,189,378,56,Custom:....X../....X.X/.XXXXXX/XXXXXXX/XXXXXXX/XXXXXXX@0:0:1|LayerDiamond15@0.5:0.5:0.85|LayerMiniDiamond9@0.5:0.5:0.58|LayerStagger9@0.5:0.5:0.5
225,Food,6,7,189,378,76,Custom:..X.XX./.XXXXXX/XXXXXXX/XXXXXXX/XXXXXXX@0:0:1|LayerCap18@0.5:0.5:0.85|LayerCross15@0.5:0.5:0.58|LayerCrown15@0.5:0.5:0.5
226,Plant,6,7,164,328,56,Custom:.X....../.X..XXXX/XXXXXXXX/XXXXXXXX/XXXXXXXX@0:0:1|LayerPillar12@0.5:0.5:0.85|LayerOffset12@0.5:0.5:0.64|LayerMiniDiamond9@0.5:0.5:0.5
227,Animal,6,7,189,378,56,Custom:..X.XXX/XX.XXXX/.XXXXXX/XXXXXXX/XXXXXXX@0:0:1|LayerCross15@0.5:0.5:0.85|LayerPillar12@0.5:0.5:0.58|LayerDiagonal6@0.5:0.5:0.5
228,Sweet,6,7,190,380,56,Custom:X.....X/X....XX/X..XXX./XXXXXXX/XXXXXXX/XXXXXXX@0:0:1|LayerStagger9@0.5:0.5:0.85|LayerDiagonal6@0.5:0.5:0.58|LayerLine12@0.5:0.5:0.5
229,Bug,6,7,165,330,56,Custom:....X.../X...XX../XX..XXXX/X.XXXXXX/X..XXXXX/XXXXXXX.@0:0:1|LayerOffset12@0.5:0.5:0.85|LayerStagger9@0.5:0.5:0.64|LayerCap18@0.5:0.5:0.5
230,Vehicle,6,7,202,404,56,Custom:.....X./XX..XXX/XXXXXXX/.XXXXXX/..XXXXX/XXXX.XX@0:0:1|LayerBlock9@0.5:0.5:0.85|LayerStagger9@0.5:0.5:0.58|LayerCross15@0.5:0.5:0.5
231,Weather,6,7,190,380,56,Custom:.X.X.X./XXXXXXX/XXXXX.X/XXXXXXX/XXXXXXX@0:0:1|LayerLine12@0.5:0.5:0.85|LayerMiniDiamond9@0.5:0.5:0.58|LayerOffset12@0.5:0.5:0.5
232,Food,6,7,166,332,57,Custom:.X..XXXX/XX..XXXX/XXXXXXXX/XX..XXXX/.XX.XXX.@0:0:1|LayerCorners12@0.5:0.5:0.85|LayerDiagonal6@0.5:0.5:0.64|LayerDiamond15@0.5:0.5:0.5
233,Plant,6,7,191,382,57,Custom:X.XXX../X.XXXXX/.XXXXXX/XXXXXXX/XXXXXXX@0:0:1|LayerCrown15@0.5:0.5:0.85|LayerOffset12@0.5:0.5:0.58|LayerPillar12@0.5:0.5:0.5
234,Animal,6,7,191,382,57,Custom:XXXXXX./XXXXX../.XXXXX./XXXXXXX/XXXXXXX@0:0:1|LayerDiamond15@0.5:0.5:0.85|LayerPillar12@0.5:0.5:0.58|LayerStagger9@0.5:0.5:0.5
235,Sweet,6,7,166,332,57,Custom:.......X/XXX.XXXX/XX..XXXX/XXXXXXXX/XXXXXXXX@0:0:1|LayerCap18@0.5:0.5:0.85|LayerCross15@0.5:0.5:0.64|LayerCrown15@0.5:0.5:0.5
236,Bug,6,7,191,382,57,Custom:.....X./..XXXX./X.XXXX./XXXXXXX/XXXXX.X/XXXXXXX@0:0:1|LayerPillar12@0.5:0.5:0.85|LayerLine12@0.5:0.5:0.58|LayerMiniDiamond9@0.5:0.5:0.5
237,Vehicle,6,7,192,384,57,Custom:.X...X./.X...X./.XXXXX./XXXXXXX/XXXXXXX/XXXXXXX@0:0:1|LayerCross15@0.5:0.5:0.85|LayerStagger9@0.5:0.5:0.58|LayerDiagonal6@0.5:0.5:0.5
238,Weather,6,7,167,334,57,Custom:XXX...XX/XXX..XXX/..XX.XX./XXXXXX.X/XXXXXXXX@0:0:1|LayerStagger9@0.5:0.5:0.84|LayerPillar12@0.5:0.5:0.64|LayerLine12@0.5:0.5:0.5
239,Food,6,7,192,384,57,Custom:..XXXX./..XXXXX/XXXXXXX/XXXXXXX/XXXXXXX@0:0:1|LayerOffset12@0.5:0.5:0.84|LayerCross15@0.5:0.5:0.58|LayerCap18@0.5:0.5:0.5
240,Plant,6,7,204,408,58,PrettyShell36@0:0:1|LayerBlock9@0.5:0.5:0.84|LayerOffset12@0.5:0.5:0.58|LayerCross15@0.5:0.5:0.5
241,Animal,7,7,168,336,58,Custom:...X..X./...XXXXX/.XXXXXXX/XXXXXXXX/XXXXXXXX@0:0:1|LayerLine12@0.5:0.5:0.84|LayerMiniDiamond9@0.5:0.5:0.64|LayerOffset12@0.5:0.5:0.5
242,Sweet,7,7,193,386,58,Custom:XX...../XXX.XX./XXXXXXX/..XXXX./XXXXXX./XXXXXX.@0:0:1|LayerCorners12@0.5:0.5:0.84|LayerDiagonal6@0.5:0.5:0.58|LayerDiamond15@0.5:0.5:0.5
243,Bug,7,7,193,386,58,Custom:X...XX./XXXXXXX/XXXXX../.XXXX../.XXXX../XXXXXXX@0:0:1|LayerCrown15@0.5:0.5:0.84|LayerLine12@0.5:0.5:0.58|LayerPillar12@0.5:0.5:0.5
244,Vehicle,7,7,168,336,58,Custom:.....X../X.XXXX../XXXXXXXX/XXXXXXXX/XXXXXXXX@0:0:1|LayerDiamond15@0.5:0.5:0.84|LayerCap18@0.5:0.5:0.64|LayerStagger9@0.5:0.5:0.5
245,Weather,7,7,193,386,58,Custom:..XXXX./XXXXXXX/XXXXXXX/XXXXXXX/XXXXX..@0:0:1|LayerCap18@0.5:0.5:0.84|LayerMiniDiamond9@0.5:0.5:0.58|LayerCrown15@0.5:0.5:0.5
246,Food,7,7,194,388,58,Custom:X...XXX/.X.XXXX/XXXXXXX/XXXXXXX/XXXXXXX@0:0:1|LayerPillar12@0.5:0.5:0.84|LayerCross15@0.5:0.5:0.58|LayerMiniDiamond9@0.5:0.5:0.5
247,Plant,7,7,169,338,58,Custom:XX....XX/.X...XXX/..XXXXXX/XXXXXXXX/XXXXXXXX@0:0:1|LayerCross15@0.5:0.5:0.84|LayerDiamond15@0.5:0.5:0.64|LayerDiagonal6@0.5:0.5:0.5
248,Animal,7,7,194,388,59,Custom:.X.X.X./XXXXXXX/X.XXXXX/XXXXXXX/XXXXXXX@0:0:1|LayerStagger9@0.5:0.5:0.84|LayerPillar12@0.5:0.5:0.58|LayerLine12@0.5:0.5:0.5
249,Sweet,7,7,194,388,59,Custom:..XX.../XXXXXXX/XXXXXXX/XXXXXXX/XXXXXXX@0:0:1|LayerOffset12@0.5:0.5:0.84|LayerDiagonal6@0.5:0.5:0.58|LayerCap18@0.5:0.5:0.5
250,Bug,7,7,182,364,79,Custom:..XXX.../.XXXXXX./XXXX.XX./XXXXXXX./XXXXXXXX@0:0:1|LayerBlock9@0.5:0.5:0.84|LayerCrown15@0.5:0.5:0.64|LayerCross15@0.5:0.5:0.5
251,Vehicle,7,7,195,390,59,Custom:.XX.XXX/.XXXXXX/XXXXXXX/..XXXXX/XXXXXXX@0:0:1|LayerLine12@0.5:0.5:0.84|LayerStagger9@0.5:0.5:0.58|LayerOffset12@0.5:0.5:0.5
252,Weather,7,7,195,390,59,Custom:......X/......X/XXXXXXX/XXXXXXX/XXXXXXX/XXXXXXX@0:0:1|LayerCorners12@0.5:0.5:0.84|LayerMiniDiamond9@0.5:0.5:0.58|LayerDiamond15@0.5:0.5:0.5
253,Food,7,7,170,340,59,Custom:...XX.../.XXXXXX./.XXXXXX./XXXXXXXX/XXXXXXXX@0:0:1|LayerCrown15@0.5:0.5:0.84|LayerLine12@0.5:0.5:0.64|LayerPillar12@0.5:0.5:0.5
254,Plant,7,7,195,390,59,Custom:..X.XXX/.XXXXXX/.XXXXXX/XXXXXXX/XXXXXXX@0:0:1|LayerDiamond15@0.5:0.5:0.84|LayerOffset12@0.5:0.5:0.58|LayerStagger9@0.5:0.5:0.5
255,Animal,7,7,196,392,59,Custom:.X...XX/XXXXXXX/XXXXXXX/.XXXXXX/XXXXXXX@0:0:1|LayerCap18@0.5:0.5:0.84|LayerPillar12@0.5:0.5:0.58|LayerCrown15@0.5:0.5:0.5
256,Sweet,7,7,171,342,60,Custom:...XX.../....XX../...XXXX./.XXXXXXX/XXXXXXXX/XXXXXXX.@0:0:1|LayerPillar12@0.5:0.5:0.84|LayerOffset12@0.5:0.5:0.64|LayerMiniDiamond9@0.5:0.5:0.5
257,Bug,7,7,196,392,60,Custom:..XXXXXX/XXXXXXXX/.XXXXXX./.XXXXX../.XXXXX..@0:0:1|LayerCross15@0.5:0.5:0.84|LayerLine12@0.5:0.5:0.58|LayerDiagonal6@0.5:0.5:0.5
258,Vehicle,7,7,196,392,60,Custom:X..XXXX/XX.XXXX/.XXXXXX/.XXXXXX/XXXXXXX@0:0:1|LayerStagger9@0.5:0.5:0.84|LayerStagger9@0.5:0.5:0.58|LayerLine12@0.5:0.5:0.5
259,Weather,7,7,171,342,60,Custom:..X..XX./..X.XX../.XX.XXX./.XXXXXX./.XX.XXX./XXXXXXXX@0:0:1|LayerOffset12@0.5:0.5:0.84|LayerStagger9@0.5:0.5:0.64|LayerCap18@0.5:0.5:0.5
260,Food,7,7,209,418,60,Custom:..XXXX../.XXXXXX./XX.XXX../X.XXXXXX/XXXXXXXX@0:0:1|LayerBlock9@0.5:0.5:0.84|LayerCross15@0.5:0.5:0.58|LayerCross15@0.5:0.5:0.5
261,Plant,7,7,197,394,60,Custom:.X...X./XXXXXXX/XXXXXXX/XXXXXXX/XXXXXXX@0:0:1|LayerLine12@0.5:0.5:0.84|LayerOffset12@0.5:0.5:0.58|LayerOffset12@0.5:0.5:0.5
262,Animal,7,7,172,344,60,Custom:..XXX.../.XXXXX../XX.XXXXX/.XXXXXXX/XXXXXXXX@0:0:1|LayerCorners12@0.5:0.5:0.84|LayerDiagonal6@0.5:0.5:0.64|LayerDiamond15@0.5:0.5:0.5
263,Sweet,7,7,197,394,60,Custom:...XXXX./...XXX../...XXX../.X.XXXXX/XX.XXXXX/.XXXXXXX@0:0:1|LayerCrown15@0.5:0.5:0.83|LayerDiagonal6@0.5:0.5:0.58|LayerPillar12@0.5:0.5:0.5
264,Bug,7,7,198,396,61,Custom:.XXXXX./X.X..../X.XXXXX/XXX.XXX/XX.XX.X/.XXXXXX@0:0:1|LayerDiamond15@0.5:0.5:0.83|LayerLine12@0.5:0.5:0.58|LayerStagger9@0.5:0.5:0.5
265,Vehicle,7,7,173,346,61,Custom:.XXXXXX./XXXXXXXX/XXXXXXXX/XXXXXXXX@0:0:1|LayerCap18@0.5:0.5:0.83|LayerCross15@0.5:0.5:0.64|LayerCrown15@0.5:0.5:0.5
266,Weather,7,7,198,396,61,Custom:XX....X./XXXX...X/XXXX.XXX/XXXXXXXX/XXXXXXX.@0:0:1|LayerPillar12@0.5:0.5:0.83|LayerMiniDiamond9@0.5:0.5:0.58|LayerMiniDiamond9@0.5:0.5:0.5
267,Food,7,7,198,396,61,Custom:XX...X./XXXXXXX/XXXXXXX/.XXXXXX/XXXXXXX@0:0:1|LayerCross15@0.5:0.5:0.83|LayerCross15@0.5:0.5:0.58|LayerDiagonal6@0.5:0.5:0.5
268,Plant,7,7,173,346,61,Custom:.X....X./XXX.XX../X.XXXXXX/XXXXXXXX/XXXXXXXX@0:0:1|LayerStagger9@0.5:0.5:0.83|LayerPillar12@0.5:0.5:0.64|LayerLine12@0.5:0.5:0.5
269,Animal,7,7,199,398,61,Custom:...X.X../..XXXXXX/.XXXXXXX/.XXXXXXX/XXXXXXXX@0:0:1|LayerOffset12@0.5:0.5:0.83|LayerPillar12@0.5:0.5:0.58|LayerCap18@0.5:0.5:0.5
270,Sweet,7,7,211,422,61,Custom:.....X./..X.XX./..XXXXX/XXXXXXX/XXXXXXX/XXXXXXX@0:0:1|LayerBlock9@0.5:0.5:0.83|LayerDiagonal6@0.5:0.5:0.58|LayerCross15@0.5:0.5:0.5
271,Bug,7,7,174,348,61,Custom:...XX.../X..XX.XX/XX.XXXXX/XXXXXXXX/XXXXXXXX@0:0:1|LayerLine12@0.5:0.5:0.83|LayerMiniDiamond9@0.5:0.5:0.64|LayerOffset12@0.5:0.5:0.5
272,Vehicle,7,7,199,398,62,Custom:...XX.../..XXXX../XXXXXXXX/XXXXXXXX/XXXXXXXX@0:0:1|LayerCorners12@0.5:0.5:0.83|LayerStagger9@0.5:0.5:0.57|LayerDiamond15@0.5:0.5:0.5
273,Weather,7,7,200,400,62,Custom:..X..../..XX.../XXXXXX./XXXXXXX/XXXXXXX/XXXXXXX@0:0:1|LayerCrown15@0.5:0.5:0.83|LayerMiniDiamond9@0.5:0.5:0.57|LayerPillar12@0.5:0.5:0.5
274,Food,7,7,175,350,62,Custom:.......X/X..XX.XX/XXXXXXXX/XXXXXXXX/XXXXXXXX@0:0:1|LayerDiamond15@0.5:0.5:0.83|LayerCap18@0.5:0.5:0.64|LayerStagger9@0.5:0.5:0.5
275,Plant,7,7,200,400,82,Custom:..XXXX../.XXXX.../XXXXXXX./XXXXXXX./XXXXXXXX@0:0:1|LayerCap18@0.5:0.5:0.83|LayerOffset12@0.5:0.5:0.57|LayerCrown15@0.5:0.5:0.5
276,Animal,7,7,200,400,62,Custom:X...XXX/XX..XXX/XXXXXXX/XXXXXXX/XXXXXXX@0:0:1|LayerPillar12@0.5:0.5:0.83|LayerPillar12@0.5:0.5:0.57|LayerMiniDiamond9@0.5:0.5:0.5
277,Sweet,7,7,175,350,62,Custom:..XX..X./.XXXXXX./.XXXXX.X/XXXXXX.X/XXXXXXXX@0:0:1|LayerCross15@0.5:0.5:0.83|LayerDiamond15@0.5:0.5:0.64|LayerDiagonal6@0.5:0.5:0.5
278,Bug,7,7,201,402,62,Custom:X..XXX./.XXXXXX/.XXXXXX/XXXXXXX/XXXXXXX@0:0:1|LayerStagger9@0.5:0.5:0.83|LayerLine12@0.5:0.5:0.57|LayerLine12@0.5:0.5:0.5
279,Vehicle,7,7,201,402,62,Custom:X....XX/XXXXXXX/XXX.XXX/XXXXXXX/XXXXXXX@0:0:1|LayerOffset12@0.5:0.5:0.83|LayerStagger9@0.5:0.5:0.57|LayerCap18@0.5:0.5:0.5
280,Weather,7,7,188,376,63,Custom:.XXXX.XX/XXXXXXXX/XXXXXXXX/XXXXXXXX@0:0:1|LayerBlock9@0.5:0.5:0.83|LayerCrown15@0.5:0.5:0.64|LayerCross15@0.5:0.5:0.5
281,Food,7,7,201,402,63,Custom:...XXX../...XXXX./.XXXXXXX/XXXXXXXX/XXXXXXXX@0:0:1|LayerLine12@0.5:0.5:0.83|LayerCross15@0.5:0.5:0.57|LayerOffset12@0.5:0.5:0.5
282,Plant,7,7,202,404,63,Custom:XX....X/XX.XXXX/XXXXXXX/XXXXXXX/XXXXXXX@0:0:1|LayerCorners12@0.5:0.5:0.83|LayerOffset12@0.5:0.5:0.57|LayerDiamond15@0.5:0.5:0.5
283,Animal,7,7,177,354,63,Custom:X.....XX/X...XXXX/XXX.XXXX/XXXXXXXX/XXX.XXXX@0:0:1|LayerCrown15@0.5:0.5:0.83|LayerLine12@0.5:0.5:0.64|LayerPillar12@0.5:0.5:0.5
284,Sweet,7,7,202,404,63,Custom:.XXXXXX/.XXXX.X/XXXXXX./XXXXXX./X.XXXX./...X.X.@0:0:1|LayerDiamond15@0.5:0.5:0.83|LayerDiagonal6@0.5:0.5:0.57|LayerStagger9@0.5:0.5:0.5
285,Bug,7,7,202,404,63,Custom:...XXX./..XXXXX/...XXXX/..XXXXX/XXXXX.X/XXXXXXX@0:0:1|LayerCap18@0.5:0.5:0.83|LayerLine12@0.5:0.5:0.57|LayerCrown15@0.5:0.5:0.5
286,Vehicle,7,7,177,354,63,Custom:X......./XX.XXXXX/X.XXXXXX/XXXXXXXX/XX.XXXXX@0:0:1|LayerPillar12@0.5:0.5:0.83|LayerOffset12@0.5:0.5:0.64|LayerMiniDiamond9@0.5:0.5:0.5
287,Weather,7,7,203,406,63,Custom:.XXX..X./..XXX.../XXXXXXX./XXXXXXXX/XXXXXXXX@0:0:1|LayerCross15@0.5:0.5:0.83|LayerMiniDiamond9@0.5:0.5:0.57|LayerDiagonal6@0.5:0.5:0.5
288,Food,7,7,203,406,64,Custom:....XXX/.XXXXXX/XXXXXXX/XXXXXXX/XXXXXXX@0:0:1|LayerStagger9@0.5:0.5:0.82|LayerCross15@0.5:0.5:0.57|LayerLine12@0.5:0.5:0.5
289,Plant,7,7,178,356,64,Custom:.XXX.X../.XXXXX../.XX.XXX./XXXXXXXX/XXXXXXXX@0:0:1|LayerOffset12@0.5:0.5:0.82|LayerStagger9@0.5:0.5:0.64|LayerCap18@0.5:0.5:0.5
290,Animal,7,7,215,430,64,Custom:...XXXX./X.XXXXXX/..XXXXXX/.X.XXXXX/XX.XXXXX@0:0:1|LayerBlock9@0.5:0.5:0.82|LayerPillar12@0.5:0.5:0.57|LayerCross15@0.5:0.5:0.5
291,Sweet,7,7,204,408,64,Custom:...XXX./X.XXXXX/XXXXXXX/XXXXXXX/XXXXXXX@0:0:1|LayerLine12@0.5:0.5:0.82|LayerDiagonal6@0.5:0.5:0.57|LayerOffset12@0.5:0.5:0.5
292,Bug,7,7,179,358,64,Custom:.....X../.X..XXX./XXX.XXXX/.XXXXXX./XXXXXX../XXXXXX..@0:0:1|LayerCorners12@0.5:0.5:0.82|LayerDiagonal6@0.5:0.5:0.64|LayerDiamond15@0.5:0.5:0.5
293,Vehicle,7,7,204,408,64,Custom:......X./XXX.XXXX/.XXXXXXX/XX.XXXXX/XXXXXXXX@0:0:1|LayerCrown15@0.5:0.5:0.82|LayerStagger9@0.5:0.5:0.57|LayerPillar12@0.5:0.5:0.5
294,Weather,7,7,204,408,64,Custom:..XXX../XXXXXX./XXXXXXX/XXXXXXX/XXXXXXX@0:0:1|LayerDiamond15@0.5:0.5:0.82|LayerMiniDiamond9@0.5:0.5:0.57|LayerStagger9@0.5:0.5:0.5
295,Food,7,7,179,358,64,Custom:.X.....X/XXXX...X/XXXXXXX./XXXXXXXX/XXXXXXXX@0:0:1|LayerCap18@0.5:0.5:0.82|LayerCross15@0.5:0.5:0.64|LayerCrown15@0.5:0.5:0.5
296,Plant,7,7,205,410,65,Custom:...XX.../.XXXXXXX/.XXXXXX./XXX.XXXX/XXXXXXXX@0:0:1|LayerPillar12@0.5:0.5:0.82|LayerOffset12@0.5:0.5:0.57|LayerMiniDiamond9@0.5:0.5:0.5
297,Animal,7,7,205,410,65,Custom:XX.X.../XXXXXX./XXXXXXX/XXXXXXX/XXXXXXX@0:0:1|LayerCross15@0.5:0.5:0.82|LayerPillar12@0.5:0.5:0.57|LayerDiagonal6@0.5:0.5:0.5
298,Sweet,7,7,180,360,65,Custom:...XXX../.XXXXX../XXXXXXX./X.XXXXX./XX.XXXXX/XX......@0:0:1|LayerStagger9@0.5:0.5:0.82|LayerPillar12@0.5:0.5:0.64|LayerLine12@0.5:0.5:0.5
299,Bug,7,7,205,410,65,Custom:..XX..../..XXXX.X/.XXXXXXX/XXXXXXXX/XXXXXXXX@0:0:1|LayerOffset12@0.5:0.5:0.82|LayerLine12@0.5:0.5:0.57|LayerCap18@0.5:0.5:0.5
300,Vehicle,7,7,218,436,85,PrettyClover30@0:0:1|LayerBlock9@0.5:0.5:0.82|LayerStagger9@0.5:0.5:0.57|LayerCross15@0.5:0.5:0.5
301,Weather,7,7,181,362,65,Custom:.XXX.X../XXXX..../XXXX.XX./XXXXXXXX/XXXXXXXX@0:0:1|LayerLine12@0.5:0.5:0.82|LayerMiniDiamond9@0.5:0.5:0.64|LayerOffset12@0.5:0.5:0.5
302,Food,7,7,206,412,65,Custom:...XXX../..XXXXX./XX.XXXXX/XX.XXXXX/XXXXXXXX@0:0:1|LayerCorners12@0.5:0.5:0.82|LayerCross15@0.5:0.5:0.57|LayerDiamond15@0.5:0.5:0.5
303,Plant,7,7,206,412,65,Custom:.X.XXX./.XXXXXX/.XXXXXX/XXXXXXX/XXXXXXX@0:0:1|LayerCrown15@0.5:0.5:0.82|LayerOffset12@0.5:0.5:0.57|LayerPillar12@0.5:0.5:0.5
304,Animal,7,7,181,362,66,Custom:.XXXXX./.XXXX../XXXXXXX/XXXXXXX/XXXXXXX@0:0:1|LayerDiamond15@0.5:0.5:0.82|LayerCap18@0.5:0.5:0.64|LayerStagger9@0.5:0.5:0.5
305,Sweet,7,7,207,414,66,Custom:.XXXXX../.XXXXXXX/XXXXXXX./XX..X..X/X...X..X/XX.X...X@0:0:1|LayerCap18@0.5:0.5:0.82|LayerDiagonal6@0.5:0.5:0.57|LayerCrown15@0.5:0.5:0.5
306,Bug,7,7,207,414,66,Custom:...XXXX/.XXXXXX/XXXXXXX/XXXXXX./XXXXXXX@0:0:1|LayerPillar12@0.5:0.5:0.82|LayerLine12@0.5:0.5:0.57|LayerMiniDiamond9@0.5:0.5:0.5
307,Vehicle,7,7,182,364,66,Custom:...X.../..XXX../XXXXXX./X.XXXXX/XXXXXXX/XXXXXXX@0:0:1|LayerCross15@0.5:0.5:0.82|LayerDiamond15@0.5:0.5:0.64|LayerDiagonal6@0.5:0.5:0.5
308,Weather,7,7,207,414,66,Custom:XXXXX.../XXXXXX../XXXXXXX./X.XX.XXX/XXX.X.XX@0:0:1|LayerStagger9@0.5:0.5:0.82|LayerMiniDiamond9@0.5:0.5:0.57|LayerLine12@0.5:0.5:0.5
309,Food,7,7,207,414,66,Custom:..XXXX./XXXXX../XXXXXXX/XXXXXXX/XXXXXXX@0:0:1|LayerOffset12@0.5:0.5:0.82|LayerCross15@0.5:0.5:0.57|LayerCap18@0.5:0.5:0.5
310,Plant,7,7,195,390,66,Custom:.X..XX./.XXXXXX/XXXXXXX/XXXXXXX/XXXXXXX@0:0:1|LayerBlock9@0.5:0.5:0.82|LayerCrown15@0.5:0.5:0.64|LayerCross15@0.5:0.5:0.5
311,Animal,7,7,208,416,66,Custom:..XXX.../.XXXXXX./XXXXXXX./XXXXXXX./.XXXXXXX@0:0:1|LayerLine12@0.5:0.5:0.82|LayerPillar12@0.5:0.5:0.57|LayerOffset12@0.5:0.5:0.5
312,Sweet,7,7,208,416,67,Custom:X....X./XXXXXXX/XXXXXXX/XXXXXXX/XXXXXXX@0:0:1|LayerCorners12@0.5:0.5:0.82|LayerDiagonal6@0.5:0.5:0.57|LayerDiamond15@0.5:0.5:0.5
313,Bug,7,7,183,366,67,Custom:...X.../.X.XXX./XXXXXXX/X.XXXX./X.XXXXX/XXXXXXX@0:0:1|LayerCrown15@0.5:0.5:0.81|LayerLine12@0.5:0.5:0.64|LayerPillar12@0.5:0.5:0.5
314,Vehicle,7,7,209,418,67,Custom:....XX../..XXXX../XXXXXXXX/XXXXXXXX/XXXXXXXX@0:0:1|LayerDiamond15@0.5:0.5:0.81|LayerStagger9@0.5:0.5:0.57|LayerStagger9@0.5:0.5:0.5
315,Weather,7,7,209,418,67,Custom:..XXX../X.XXXXX/XXXXXXX/XXXXXXX/XXXXXXX@0:0:1|LayerCap18@0.5:0.5:0.81|LayerMiniDiamond9@0.5:0.5:0.57|LayerCrown15@0.5:0.5:0.5
316,Food,7,7,184,368,67,Custom:.XXXX../.XXXXX./XXXXXXX/XXXXXXX/XXXXXXX@0:0:1|LayerPillar12@0.5:0.5:0.81|LayerOffset12@0.5:0.5:0.64|LayerMiniDiamond9@0.5:0.5:0.5
317,Plant,7,7,209,418,67,Custom:X......X/..XX.XXX/XXXXXXXX/XXX.XXXX/XXXXXXXX@0:0:1|LayerCross15@0.5:0.5:0.81|LayerOffset12@0.5:0.5:0.57|LayerDiagonal6@0.5:0.5:0.5
318,Animal,7,7,209,418,67,Custom:XX...XX/XXXXXXX/..XXXXX/XXXXXXX/XXXXXXX@0:0:1|LayerStagger9@0.5:0.5:0.81|LayerPillar12@0.5:0.5:0.57|LayerLine12@0.5:0.5:0.5
319,Sweet,7,7,185,370,67,Custom:.....X./....XX./.XXXXXX/XXXXXXX/XXXXXXX/XXXXXXX@0:0:1|LayerOffset12@0.5:0.5:0.81|LayerStagger9@0.5:0.5:0.64|LayerCap18@0.5:0.5:0.5
320,Bug,7,7,222,444,68,Custom:......X./X.....XX/X.XXXXXX/..XXXXXX/X.X.XXXX/.XXXXXXX@0:0:1|LayerBlock9@0.5:0.5:0.81|LayerLine12@0.5:0.5:0.57|LayerCross15@0.5:0.5:0.5
321,Food,7,7,210,420,68,Custom:..XXX../..X.X../.XXXXX./XXXXXX./XXXXXXX/XXXXXXX@0:0:1|LayerLine12@0.5:0.5:0.81|LayerStagger9@0.5:0.5:0.57|LayerOffset12@0.5:0.5:0.5
322,Plant,7,7,185,370,68,Custom:X...XXX/XXX..XX/XXXXXXX/XXXXXXX/XXXXXXX@0:0:1|LayerCorners12@0.5:0.5:0.81|LayerDiagonal6@0.5:0.5:0.64|LayerDiamond15@0.5:0.5:0.5
323,Animal,7,7,211,422,68,Custom:.X.XX.../XX.XX..X/X.XXXX.X/XXXXXXXX/XXXXXXXX@0:0:1|LayerCrown15@0.5:0.5:0.81|LayerCross15@0.5:0.5:0.57|LayerPillar12@0.5:0.5:0.5
324,Sweet,7,7,211,422,68,Custom:.X..XXX/X..XXXX/XXXXXXX/XXXXXXX/XXXXXXX@0:0:1|LayerDiamond15@0.5:0.5:0.81|LayerOffset12@0.5:0.5:0.57|LayerStagger9@0.5:0.5:0.5
325,Bug,7,7,186,372,88,Custom:.X...XX/XXX.XXX/XXXXXXX/XXXXXXX/XXXXXXX@0:0:1|LayerCap18@0.5:0.5:0.81|LayerCross15@0.5:0.5:0.64|LayerCrown15@0.5:0.5:0.5
326,Vehicle,7,7,211,422,68,Custom:...X..../...XX.../.XXXXX../XXXXXX../XXXXXXXX/XXXXXXXX@0:0:1|LayerPillar12@0.5:0.5:0.81|LayerDiagonal6@0.5:0.5:0.57|LayerMiniDiamond9@0.5:0.5:0.5
327,Weather,7,7,211,422,68,Custom:...X.../...XXXX/...XXXX/XXXXXXX/XXXXXXX/XXXXXXX@0:0:1|LayerCross15@0.5:0.5:0.81|LayerLine12@0.5:0.5:0.57|LayerDiagonal6@0.5:0.5:0.5
328,Tool,7,7,187,374,69,Custom:..X.X../..XXXXX/.XXXXXX/XXXXXXX/..XXXXX/.XXXXX.@0:0:1|LayerStagger9@0.5:0.5:0.81|LayerPillar12@0.5:0.5:0.64|LayerLine12@0.5:0.5:0.5
329,Food,7,7,212,424,69,Custom:.XXX..../..XXXXXX/X.XXXXXX/.XXXXXXX/XXXX.XXX@0:0:1|LayerOffset12@0.5:0.5:0.81|LayerMiniDiamond9@0.5:0.5:0.57|LayerCap18@0.5:0.5:0.5
330,Plant,7,7,224,448,69,Custom:..X.XX./XXXXXXX/XXXXX.X/XXXXXXX/XXXXXXX@0:0:1|LayerBlock9@0.5:0.5:0.81|LayerCross15@0.5:0.5:0.57|LayerCross15@0.5:0.5:0.5
331,Animal,7,7,187,374,69,Custom:.XXX.../XXXXX.X/XXXXXXX/XXXXXXX/XXXXXXX@0:0:1|LayerLine12@0.5:0.5:0.81|LayerMiniDiamond9@0.5:0.5:0.64|LayerOffset12@0.5:0.5:0.5
332,Sweet,7,7,213,426,69,Custom:..X..XX./.X.XXXX./.XXXXXXX/X.XXXXXX/XXXXXXXX@0:0:1|LayerCorners12@0.5:0.5:0.81|LayerPillar12@0.5:0.5:0.56|LayerDiamond15@0.5:0.5:0.5
333,Bug,7,7,213,426,69,Custom:..X.XX./XXXXXX./XXXXXXX/XXXXXXX/XXXXXXX@0:0:1|LayerCrown15@0.5:0.5:0.81|LayerDiagonal6@0.5:0.5:0.56|LayerPillar12@0.5:0.5:0.5
334,Vehicle,7,7,188,376,69,Custom:.XX..../..X..../XXXXX.X/XXXXXXX/XXXXXXX/XXXXXXX@0:0:1|LayerDiamond15@0.5:0.5:0.81|LayerCap18@0.5:0.5:0.64|LayerStagger9@0.5:0.5:0.5
335,Weather,7,7,213,426,69,Custom:...XXXX./.X.XXXX./.XXXXXXX/X.XXXX.X/XXXXXXXX@0:0:1|LayerCap18@0.5:0.5:0.81|LayerStagger9@0.5:0.5:0.56|LayerCrown15@0.5:0.5:0.5
336,Tool,7,7,213,426,70,Custom:XX..XX./XX.X.XX/XXXXXXX/XXXXXXX/XXXXXXX@0:0:1|LayerPillar12@0.5:0.5:0.81|LayerMiniDiamond9@0.5:0.5:0.56|LayerMiniDiamond9@0.5:0.5:0.5
337,Food,7,7,189,378,70,Custom:.XX.XXX/XXXXXXX/XXXXXX./XXXXXX./XXXXXX.@0:0:1|LayerCross15@0.5:0.5:0.81|LayerDiamond15@0.5:0.5:0.64|LayerDiagonal6@0.5:0.5:0.5
338,Plant,7,7,214,428,70,Custom:..XXXX../.XXXX.../XXXXXX.X/XXXXXXXX/XXXX.XXX@0:0:1|LayerStagger9@0.5:0.5:0.80|LayerOffset12@0.5:0.5:0.56|LayerLine12@0.5:0.5:0.5
339,Animal,7,7,214,428,70,Custom:.X.XX../XXX.XXX/XXXXXXX/XXXXXXX/XXXXXXX@0:0:1|LayerOffset12@0.5:0.5:0.80|LayerPillar12@0.5:0.5:0.56|LayerCap18@0.5:0.5:0.5
340,Sweet,7,7,201,402,70,Custom:.....XX/XXXXXXX/XXXXXXX/XXXXXXX/XXXXXXX@0:0:1|LayerBlock9@0.5:0.5:0.80|LayerCrown15@0.5:0.5:0.64|LayerCross15@0.5:0.5:0.5
341,Bug,7,7,221,442,70,Custom:.X....X/XXXXX../XXXXXXX/.XXXXXX/XXXXXXX/.XXXXXX@0:0:1|LayerLine12@0.5:0.5:0.80|LayerLine12@0.5:0.5:0.56|LayerOffset12@0.5:0.5:0.5
342,Vehicle,7,7,221,442,70,Custom:.XX..XX/.X..XXX/.XXXXXX/.XXXXXX/.XXXXXX/XXXXXXX@0:0:1|LayerCorners12@0.5:0.5:0.80|LayerStagger9@0.5:0.5:0.56|LayerDiamond15@0.5:0.5:0.5
343,Weather,7,7,196,392,70,Custom:XXX.XXX/X.XXXXX/XXXXXXX/XXXXXXX/XXXXXXX@0:0:1|LayerCrown15@0.5:0.5:0.80|LayerLine12@0.5:0.5:0.64|LayerPillar12@0.5:0.5:0.5
344,Tool,7,7,221,442,71,Custom:XXXXXXX./X.XXXX.X/.XXXXX.X/.XXXXXX./XXXXXXXX@0:0:1|LayerDiamond15@0.5:0.5:0.80|LayerCross15@0.5:0.5:0.56|LayerStagger9@0.5:0.5:0.5
345,Food,7,7,221,442,71,Custom:XXXXXXX/XXXXXXX/.XXXXXX/XXXXXXX/XXXX.XX@0:0:1|LayerCap18@0.5:0.5:0.80|LayerOffset12@0.5:0.5:0.56|LayerCrown15@0.5:0.5:0.5
346,Plant,7,7,197,394,71,Custom:XXXXXX./XXXXXX./XXXXXXX/XXXXXXX/XXXXXXX@0:0:1|LayerPillar12@0.5:0.5:0.80|LayerOffset12@0.5:0.5:0.64|LayerMiniDiamond9@0.5:0.5:0.5
347,Animal,7,7,222,444,71,Custom:XX.X..../...X...X/.XXXXXXX/.XXXXXXX/.X.XXXXX/XXXXXXXX@0:0:1|LayerCross15@0.5:0.5:0.80|LayerDiagonal6@0.5:0.5:0.56|LayerDiagonal6@0.5:0.5:0.5
348,Sweet,7,7,222,444,71,Custom:XXX...X/X...XXX/X...XXX/XXXXXXX/XXXXXXX/XXXXXXX@0:0:1|LayerStagger9@0.5:0.5:0.80|LayerLine12@0.5:0.5:0.56|LayerLine12@0.5:0.5:0.5
349,Bug,7,7,197,394,71,Custom:..XX.X./..X.XX./XXXXXXX/XXXXX.X/XXXXXXX/XXXXXXX@0:0:1|LayerOffset12@0.5:0.5:0.80|LayerStagger9@0.5:0.5:0.64|LayerCap18@0.5:0.5:0.5
350,Vehicle,7,7,235,470,91,Custom:..XXXX../X.XXXXXX/..XXXXXX/XXXXXXXX/XXXXXXXX@0:0:1|LayerBlock9@0.5:0.5:0.80|LayerMiniDiamond9@0.5:0.5:0.56|LayerCross15@0.5:0.5:0.5
351,Weather,7,7,223,446,71,Custom:..XXX.XX/.XXXXXX./XXXXXXX./XXXXXXX./XXXXXXXX@0:0:1|LayerLine12@0.5:0.5:0.80|LayerCross15@0.5:0.5:0.56|LayerOffset12@0.5:0.5:0.5
352,Tool,7,7,198,396,72,Custom:XXXXXXX/XXXXXXX/XXXX..X/XXXXXXX/XXXXXXX@0:0:1|LayerCorners12@0.5:0.5:0.80|LayerDiagonal6@0.5:0.5:0.64|LayerDiamond15@0.5:0.5:0.5
353,Food,7,7,223,446,72,Custom:.X...XXX/X.XXXXXX/XXXXXXXX/.XX.XXXX/XXXXXXXX@0:0:1|LayerCrown15@0.5:0.5:0.80|LayerPillar12@0.5:0.5:0.56|LayerPillar12@0.5:0.5:0.5
354,Plant,7,7,223,446,72,Custom:.X.XXXXX/..X..XXX/..X.XXXX/....XX.X/X.XXXXXX/XXXXXXXX@0:0:1|LayerDiamond15@0.5:0.5:0.80|LayerDiagonal6@0.5:0.5:0.56|LayerStagger9@0.5:0.5:0.5
355,Animal,7,7,199,398,72,Custom:XX...X./X.XXXX./..XXX.X/XXXXXXX/XXXXXXX/XXXXXXX@0:0:1|LayerCap18@0.5:0.5:0.80|LayerCross15@0.5:0.5:0.64|LayerCrown15@0.5:0.5:0.5
356,Sweet,7,7,224,448,72,Custom:.....XX./..XXXXX./.X.XXXXX/XXXXXXXX/.X.XXXXX/..XXXXXX@0:0:1|LayerPillar12@0.5:0.5:0.80|LayerStagger9@0.5:0.5:0.56|LayerMiniDiamond9@0.5:0.5:0.5
357,Bug,7,7,224,448,72,Custom:...XXX../XXXXXXX./XXXXXXX./XXXXXXXX/XXXXXXXX@0:0:1|LayerCross15@0.5:0.5:0.80|LayerMiniDiamond9@0.5:0.5:0.56|LayerDiagonal6@0.5:0.5:0.5
358,Vehicle,7,7,199,398,72,Custom:.XXXXXX/.XXXXXX/XXXXXXX/XXXXXXX/XXXXXXX@0:0:1|LayerStagger9@0.5:0.5:0.80|LayerPillar12@0.5:0.5:0.64|LayerLine12@0.5:0.5:0.5
359,Weather,7,7,224,448,72,Custom:X..XXX.X/X..XXXXX/.XXXXXXX/.XXXXXXX/XXXXXXXX@0:0:1|LayerOffset12@0.5:0.5:0.80|LayerOffset12@0.5:0.5:0.56|LayerCap18@0.5:0.5:0.5
360,Tool,7,7,237,474,73,Custom:.XXXX.X./.XXXXX../XXXXXXXX/.XXXXXXX/XXXXXXXX@0:0:1|LayerBlock9@0.5:0.5:0.80|LayerPillar12@0.5:0.5:0.56|LayerCross15@0.5:0.5:0.5|LayerCrown15@0.5:0.5:0.42
361,Food,7,7,225,450,73,Custom:XXXXXX./.X.X.../XX..XXX/XX.XXXX/XXXXXXX/XXXXXXX@0:0:1|LayerLine12@0.5:0.5:0.80|LayerDiagonal6@0.5:0.5:0.56|LayerOffset12@0.5:0.5:0.5|LayerMiniDiamond9@0.5:0.5:0.42
362,Plant,7,7,225,450,73,Custom:.X....../XXX..XXX/XX..XXXX/.XXXXXXX/XXX.XXXX/XXX..XXX@0:0:1|LayerCorners12@0.5:0.5:0.80|LayerLine12@0.5:0.5:0.56|LayerDiamond15@0.5:0.5:0.5|LayerDiagonal6@0.5:0.5:0.42
363,Animal,7,7,225,450,73,Custom:...XXX.X/..X.XX../X.XXXXXX/XX.XXXXX/X.XXXXXX/...XXXXX@0:0:1|LayerCrown15@0.5:0.5:0.79|LayerStagger9@0.5:0.5:0.56|LayerPillar12@0.5:0.5:0.5|LayerLine12@0.5:0.5:0.42
364,Sweet,7,7,226,452,73,Custom:XXXX.XX/.XXXXXX/XXXXXXX/XXXXXXX/XXXXXXX@0:0:1|LayerDiamond15@0.5:0.5:0.79|LayerMiniDiamond9@0.5:0.5:0.56|LayerStagger9@0.5:0.5:0.5|LayerCap18@0.5:0.5:0.42
365,Bug,7,7,226,452,73,Custom:X.XXXXX./.X.XXXX./XXXXXX../XXXXXXXX/XXXXXXXX@0:0:1|LayerCap18@0.5:0.5:0.79|LayerCross15@0.5:0.5:0.56|LayerCrown15@0.5:0.5:0.5|LayerCross15@0.5:0.5:0.42
366,Vehicle,7,7,226,452,73,Custom:...X..XX/X.XXXXXX/XXXXXXX./XXXXXXXX/XXXXXXXX@0:0:1|LayerPillar12@0.5:0.5:0.79|LayerOffset12@0.5:0.5:0.56|LayerMiniDiamond9@0.5:0.5:0.5|LayerOffset12@0.5:0.5:0.42
367,Weather,7,7,226,452,73,Custom:.XXXXXX/XXXXXX./XXXXXXX/XXXXXXX/XXXXXXX@0:0:1|LayerCross15@0.5:0.5:0.79|LayerPillar12@0.5:0.5:0.56|LayerDiagonal6@0.5:0.5:0.5|LayerDiamond15@0.5:0.5:0.42
368,Tool,7,7,226,452,74,Custom:X...X.X./X...XXX./.X.XXXX./.X.XXXX./XXXXXXXX/XXXXXXXX@0:0:1|LayerStagger9@0.5:0.5:0.79|LayerDiagonal6@0.5:0.5:0.56|LayerLine12@0.5:0.5:0.5|LayerPillar12@0.5:0.5:0.42
369,Food,7,7,227,454,74,Custom:X.X..XXX/..XXXXX./..XXXX../.XXXXXX./X.XXXXX./.XXXXXXX@0:0:1|LayerOffset12@0.5:0.5:0.79|LayerLine12@0.5:0.5:0.56|LayerCap18@0.5:0.5:0.5|LayerStagger9@0.5:0.5:0.42
370,Plant,7,7,239,478,74,Custom:...XXX./.X.XXXX/XX..XXX/XXX.XXX/XXXXXXX/XXXXXXX@0:0:1|LayerBlock9@0.5:0.5:0.79|LayerStagger9@0.5:0.5:0.56|LayerCross15@0.5:0.5:0.5|LayerCrown15@0.5:0.5:0.42
371,Animal,7,7,227,454,74,Custom:.XXXXXX./.XXXXXXX/XXXXXXXX/XXXXXX../.XXXXXX.@0:0:1|LayerLine12@0.5:0.5:0.79|LayerMiniDiamond9@0.5:0.5:0.56|LayerOffset12@0.5:0.5:0.5|LayerMiniDiamond9@0.5:0.5:0.42
372,Sweet,7,7,227,454,74,Custom:..XXX.XX/.XXXXXXX/..XXXXXX/.XXXXXXX/XXXXXXXX@0:0:1|LayerCorners12@0.5:0.5:0.79|LayerCross15@0.5:0.5:0.56|LayerDiamond15@0.5:0.5:0.5|LayerDiagonal6@0.5:0.5:0.42
373,Bug,7,7,228,456,74,Custom:XXX.XXX/XXX.XXX/XXXXXXX/XXXXXXX/XXXXXXX@0:0:1|LayerCrown15@0.5:0.5:0.79|LayerOffset12@0.5:0.5:0.56|LayerPillar12@0.5:0.5:0.5|LayerLine12@0.5:0.5:0.42
374,Vehicle,7,7,228,456,74,Custom:.XXX.XXX/.XXXXXX./..XXXXXX/.XXXXXXX/XXXXXXXX@0:0:1|LayerDiamond15@0.5:0.5:0.79|LayerPillar12@0.5:0.5:0.56|LayerStagger9@0.5:0.5:0.5|LayerCap18@0.5:0.5:0.42
375,Weather,7,7,228,456,94,Custom:.XXXXX../X.XXXX.X/XXXX.XXX/XXXXXX.X/XXXXXXXX@0:0:1|LayerCap18@0.5:0.5:0.79|LayerDiagonal6@0.5:0.5:0.56|LayerCrown15@0.5:0.5:0.5|LayerCross15@0.5:0.5:0.42
376,Tool,7,7,228,456,75,Custom:.XXX.../..XXX.X/X.XX.XX/XXXXXXX/XXXXXXX/XXXXXXX@0:0:1|LayerPillar12@0.5:0.5:0.79|LayerLine12@0.5:0.5:0.56|LayerMiniDiamond9@0.5:0.5:0.5|LayerOffset12@0.5:0.5:0.42
377,Food,7,7,228,456,75,Custom:.....X./XX.XXXX/.XXXXXX/.XXXXXX/XXXXXXX/XXXXXXX@0:0:1|LayerCross15@0.5:0.5:0.79|LayerStagger9@0.5:0.5:0.56|LayerDiagonal6@0.5:0.5:0.5|LayerDiamond15@0.5:0.5:0.42
378,Plant,7,7,229,458,75,Custom:XXX.X.XX/XXX.X.XX/XX.X.XXX/XXXXXXX./XXXXXXXX@0:0:1|LayerStagger9@0.5:0.5:0.79|LayerMiniDiamond9@0.5:0.5:0.56|LayerLine12@0.5:0.5:0.5|LayerPillar12@0.5:0.5:0.42
379,Animal,7,7,229,458,75,Custom:.XXXXXX/XXXXXXX/X.XXXXX/XXXXXXX/XXXXXXX@0:0:1|LayerOffset12@0.5:0.5:0.79|LayerCross15@0.5:0.5:0.56|LayerCap18@0.5:0.5:0.5|LayerStagger9@0.5:0.5:0.42
380,Sweet,7,7,241,482,75,Custom:XX.XXX.X/XX.XX.XX/X.XXXX.X/.XXXXXXX/XXXXXXXX@0:0:1|LayerBlock9@0.5:0.5:0.79|LayerOffset12@0.5:0.5:0.56|LayerCross15@0.5:0.5:0.5|LayerCrown15@0.5:0.5:0.42
381,Bug,8,7,229,458,75,Custom:.XX..XXX/XXX.XXXX/XXX..XX./XXXXXXXX/XXXXXXXX@0:0:1|LayerLine12@0.5:0.5:0.79|LayerPillar12@0.5:0.5:0.56|LayerOffset12@0.5:0.5:0.5|LayerMiniDiamond9@0.5:0.5:0.42
382,Vehicle,8,7,230,460,75,Custom:..XX.X./XXXXXXX/XXXXXXX/XXXXXXX/X...XX./XXXXXX.@0:0:1|LayerCorners12@0.5:0.5:0.79|LayerDiagonal6@0.5:0.5:0.56|LayerDiamond15@0.5:0.5:0.5|LayerDiagonal6@0.5:0.5:0.42
383,Weather,8,7,230,460,75,Custom:...XX.../.X.XX.XX/..XXXXXX/..XXXXXX/..XXXXXX/XXXXXXXX@0:0:1|LayerCrown15@0.5:0.5:0.79|LayerLine12@0.5:0.5:0.56|LayerPillar12@0.5:0.5:0.5|LayerLine12@0.5:0.5:0.42
384,Tool,8,7,230,460,76,Custom:.X....../XXXXX.../XXXXXXXX/XXXXXXX./XXXXXX../XXXXXX..@0:0:1|LayerDiamond15@0.5:0.5:0.79|LayerStagger9@0.5:0.5:0.56|LayerStagger9@0.5:0.5:0.5|LayerCap18@0.5:0.5:0.42
385,Food,8,7,230,460,76,Custom:.XXXXX./XXXXXXX/XXXXXXX/XXXXXXX/XXXXXXX@0:0:1|LayerCap18@0.5:0.5:0.79|LayerMiniDiamond9@0.5:0.5:0.56|LayerCrown15@0.5:0.5:0.5|LayerCross15@0.5:0.5:0.42
386,Plant,8,7,230,460,76,Custom:...XXXXX/XX.XXXXX/.XXXXXXX/XXXXXX../XXXXXXXX@0:0:1|LayerPillar12@0.5:0.5:0.79|LayerCross15@0.5:0.5:0.56|LayerMiniDiamond9@0.5:0.5:0.5|LayerOffset12@0.5:0.5:0.42
387,Animal,8,7,231,462,76,Custom:..XXXX../XX.XXXX./XXXXXXXX/XXXXXXXX/.XXXXXXX@0:0:1|LayerCross15@0.5:0.5:0.79|LayerOffset12@0.5:0.5:0.56|LayerDiagonal6@0.5:0.5:0.5|LayerDiamond15@0.5:0.5:0.42
388,Sweet,8,7,231,462,76,Custom:.XX.X../.XX.XXX/X.XXXXX/..XXXXX/XXXXXXX/XXXXXXX@0:0:1|LayerStagger9@0.5:0.5:0.78|LayerPillar12@0.5:0.5:0.56|LayerLine12@0.5:0.5:0.5|LayerPillar12@0.5:0.5:0.42
389,Bug,8,7,231,462,76,Custom:XXXXXX../XXX..X../.X..XX../X.XXXXXX/XXXXXXX./XXXXXX..@0:0:1|LayerOffset12@0.5:0.5:0.78|LayerDiagonal6@0.5:0.5:0.56|LayerCap18@0.5:0.5:0.5|LayerStagger9@0.5:0.5:0.42
390,Vehicle,8,7,243,486,76,Custom:.X...XX./..X.XXXX/X.X.XX.X/XXXXXXX./.XXXXXX./.XXXXXXX@0:0:1|LayerBlock9@0.5:0.5:0.78|LayerLine12@0.5:0.5:0.56|LayerCross15@0.5:0.5:0.5|LayerCrown15@0.5:0.5:0.42
391,Weather,8,7,232,464,76,Custom:X....XX/XX..XXX/XXX.XXX/XX..XXX/XXXXXXX/XXXXXXX@0:0:1|LayerLine12@0.5:0.5:0.78|LayerStagger9@0.5:0.5:0.55|LayerOffset12@0.5:0.5:0.5|LayerMiniDiamond9@0.5:0.5:0.42
392,Tool,8,7,232,464,77,Custom:.X...XXX/XX...XXX/XXXXXXXX/XXXXXXXX/XXXXXXXX@0:0:1|LayerCorners12@0.5:0.5:0.78|LayerMiniDiamond9@0.5:0.5:0.55|LayerDiamond15@0.5:0.5:0.5|LayerDiagonal6@0.5:0.5:0.42
393,Food,8,7,232,464,77,Custom:X.XX.X.X/XXX..XXX/XXXXXXXX/XXXXXXXX/.XXXXXX.@0:0:1|LayerCrown15@0.5:0.5:0.78|LayerCross15@0.5:0.5:0.55|LayerPillar12@0.5:0.5:0.5|LayerLine12@0.5:0.5:0.42
394,Plant,8,7,232,464,77,Custom:XXXXXXX/XXXXXXX/XXXXXX./XXXXXXX/.XXXXXX@0:0:1|LayerDiamond15@0.5:0.5:0.78|LayerOffset12@0.5:0.5:0.55|LayerStagger9@0.5:0.5:0.5|LayerCap18@0.5:0.5:0.42
395,Animal,8,7,232,464,77,Custom:......X./X....XX./XXXXXXXX/XXXXXXXX/X..XXXXX/X.XXXXXX@0:0:1|LayerCap18@0.5:0.5:0.78|LayerPillar12@0.5:0.5:0.55|LayerCrown15@0.5:0.5:0.5|LayerCross15@0.5:0.5:0.42
396,Sweet,8,7,233,466,77,Custom:XXXXX../X.XXXX./X.XXXX./.XXXXX./XXXXXXX/.XXXXXX@0:0:1|LayerPillar12@0.5:0.5:0.78|LayerDiagonal6@0.5:0.5:0.55|LayerMiniDiamond9@0.5:0.5:0.5|LayerOffset12@0.5:0.5:0.42
397,Bug,8,7,233,466,77,Custom:...XXX./..XXXX./.XXXXXX/XXXXXXX/.XXXXXX/XXXXXXX@0:0:1|LayerCross15@0.5:0.5:0.78|LayerLine12@0.5:0.5:0.55|LayerDiagonal6@0.5:0.5:0.5|LayerDiamond15@0.5:0.5:0.42
398,Vehicle,8,7,233,466,77,Custom:.X.XXXX/.X.X.XX/X.X.XXX/.XXXXXX/XXXXXXX/.XXXXXX@0:0:1|LayerStagger9@0.5:0.5:0.78|LayerStagger9@0.5:0.5:0.55|LayerLine12@0.5:0.5:0.5|LayerPillar12@0.5:0.5:0.42
399,Weather,8,7,233,466,77,Custom:.X.X.XXX/X...XXXX/XX.XXXXX/XXXXXXXX/XXXXXXXX@0:0:1|LayerOffset12@0.5:0.5:0.78|LayerMiniDiamond9@0.5:0.5:0.55|LayerCap18@0.5:0.5:0.5|LayerStagger9@0.5:0.5:0.42
400,Tool,8,7,246,492,98,Custom:.XXXXXX/X.XXXXX/XXXXXXX/XXXXXXX/XXXXXXX@0:0:1|LayerBlock9@0.5:0.5:0.78|LayerCross15@0.5:0.5:0.55|LayerCross15@0.5:0.5:0.5|LayerCrown15@0.5:0.5:0.42
401,Food,8,7,234,468,78,Custom:.XXXXXX/XXXXXXX/.XXXXXX/XXXXXXX/XXXXXXX@0:0:1|LayerLine12@0.5:0.5:0.78|LayerOffset12@0.5:0.5:0.55|LayerOffset12@0.5:0.5:0.5|LayerMiniDiamond9@0.5:0.5:0.42
402,Plant,8,7,234,468,78,Custom:XXX..X../X.XXX.X./X..XXX../XX.X.X../XXXXXXXX/XXXXXXXX@0:0:1|LayerCorners12@0.5:0.5:0.78|LayerPillar12@0.5:0.5:0.55|LayerDiamond15@0.5:0.5:0.5|LayerDiagonal6@0.5:0.5:0.42
403,Animal,8,7,234,468,78,Custom:..XX.XX/..XXX.X/X.XXXXX/.X.XXXX/XXXXXXX/XXXXXXX@0:0:1|LayerCrown15@0.5:0.5:0.78|LayerDiagonal6@0.5:0.5:0.55|LayerPillar12@0.5:0.5:0.5|LayerLine12@0.5:0.5:0.42
404,Sweet,8,7,234,468,78,Custom:.XXXX.X/X.XXX.X/X...XXX/XXXXXXX/XXXXXXX/XXXXX..@0:0:1|LayerDiamond15@0.5:0.5:0.78|LayerLine12@0.5:0.5:0.55|LayerStagger9@0.5:0.5:0.5|LayerCap18@0.5:0.5:0.42
405,Bug,8,7,235,470,78,Custom:...X..../XXXXX.../XXXXXX../XX.XXXXX/XXXXX.X./XXXXXXXX@0:0:1|LayerCap18@0.5:0.5:0.78|LayerStagger9@0.5:0.5:0.55|LayerCrown15@0.5:0.5:0.5|LayerCross15@0.5:0.5:0.42
406,Vehicle,8,7,235,470,78,Custom:XX....X/XXX...X/XXX..XX/XXXXXXX/XXXXXXX/XXXXXXX@0:0:1|LayerPillar12@0.5:0.5:0.78|LayerMiniDiamond9@0.5:0.5:0.55|LayerMiniDiamond9@0.5:0.5:0.5|LayerOffset12@0.5:0.5:0.42
407,Weather,8,7,235,470,78,Custom:XX.XXXX/.XXXXXX/XXXXXXX/XXXXXXX/XXXXXXX@0:0:1|LayerCross15@0.5:0.5:0.78|LayerCross15@0.5:0.5:0.55|LayerDiagonal6@0.5:0.5:0.5|LayerDiamond15@0.5:0.5:0.42
408,Tool,8,7,235,470,79,Custom:XXXXXX../XXXXX.../XXXXXXX./XXXXXX.X/XXXXXXXX@0:0:1|LayerStagger9@0.5:0.5:0.78|LayerOffset12@0.5:0.5:0.55|LayerLine12@0.5:0.5:0.5|LayerPillar12@0.5:0.5:0.42
409,Food,8,7,235,470,79,Custom:XXX..XX/XX...../XXXXXXX/XXX.XXX/XXXXXX./XXXXXXX@0:0:1|LayerOffset12@0.5:0.5:0.78|LayerPillar12@0.5:0.5:0.55|LayerCap18@0.5:0.5:0.5|LayerStagger9@0.5:0.5:0.42
410,Plant,8,7,248,496,79,Custom:..XX..X/..XXXX./XXXXXXX/XX.XXXX/.XXXXXX/XXXXXXX@0:0:1|LayerBlock9@0.5:0.5:0.78|LayerDiagonal6@0.5:0.5:0.55|LayerCross15@0.5:0.5:0.5|LayerCrown15@0.5:0.5:0.42
411,Animal,8,7,236,472,79,Custom:X..XXX.X/...XXX../..XXXX../XX.XX.X./XXXXXXXX/XXXXXXXX@0:0:1|LayerLine12@0.5:0.5:0.78|LayerLine12@0.5:0.5:0.55|LayerOffset12@0.5:0.5:0.5|LayerMiniDiamond9@0.5:0.5:0.42
412,Sweet,8,7,236,472,79,Custom:X....XX/.X..XXX/.XXXXXX/XXXXXXX/XXXXXXX/XXXX.XX@0:0:1|LayerCorners12@0.5:0.5:0.78|LayerStagger9@0.5:0.5:0.55|LayerDiamond15@0.5:0.5:0.5|LayerDiagonal6@0.5:0.5:0.42
413,Bug,8,7,236,472,79,Custom:XXX.XX./XXXXXXX/XXXXXXX/XXXXXXX/XXXXXXX@0:0:1|LayerCrown15@0.5:0.5:0.77|LayerMiniDiamond9@0.5:0.5:0.55|LayerPillar12@0.5:0.5:0.5|LayerLine12@0.5:0.5:0.42
414,Vehicle,8,7,237,474,79,Custom:XXX.XXXX/XXX.X.XX/.X..XXXX/XXX.XXXX/XXXXXXXX@0:0:1|LayerDiamond15@0.5:0.5:0.77|LayerCross15@0.5:0.5:0.55|LayerStagger9@0.5:0.5:0.5|LayerCap18@0.5:0.5:0.42
415,Weather,8,7,237,474,79,Custom:X.XXXX./XXXXXXX/XXXXXXX/XXXXXXX/XXXXXXX@0:0:1|LayerCap18@0.5:0.5:0.77|LayerOffset12@0.5:0.5:0.55|LayerCrown15@0.5:0.5:0.5|LayerCross15@0.5:0.5:0.42
416,Tool,8,7,237,474,80,Custom:XXXX.../XXXXX../.XXXX.X/.XXXXXX/XXXXXX./XXXXXXX@0:0:1|LayerPillar12@0.5:0.5:0.77|LayerPillar12@0.5:0.5:0.55|LayerMiniDiamond9@0.5:0.5:0.5|LayerOffset12@0.5:0.5:0.42
417,Food,8,7,237,474,80,Custom:X.XX..XX/XXXXXXXX/XXXXXX../X.XXX.../.XXXXX../..XXXXX.@0:0:1|LayerCross15@0.5:0.5:0.77|LayerDiagonal6@0.5:0.5:0.55|LayerDiagonal6@0.5:0.5:0.5|LayerDiamond15@0.5:0.5:0.42
418,Plant,8,7,237,474,80,Custom:XXXXXXX/XX.X.X./XXXXXXX/X.XXXX./..XXXX./.XXXXXX@0:0:1|LayerStagger9@0.5:0.5:0.77|LayerLine12@0.5:0.5:0.55|LayerLine12@0.5:0.5:0.5|LayerPillar12@0.5:0.5:0.42
419,Animal,8,7,238,476,80,Custom:.X.XXX./XXXXX.X/.X.XXX./.XXXXX./XXXXXXX/XXXXXXX@0:0:1|LayerOffset12@0.5:0.5:0.77|LayerStagger9@0.5:0.5:0.55|LayerCap18@0.5:0.5:0.5|LayerStagger9@0.5:0.5:0.42
420,Sweet,8,7,250,500,80,PrettyLotus36@0:0:1|LayerBlock9@0.5:0.5:0.77|LayerMiniDiamond9@0.5:0.5:0.55|LayerCross15@0.5:0.5:0.5|LayerCrown15@0.5:0.5:0.42
421,Bug,8,7,238,476,80,Custom:.XXXXXX/XXXXXXX/XXXXXXX/XXX.XXX/XXXXXXX@0:0:1|LayerLine12@0.5:0.5:0.77|LayerCross15@0.5:0.5:0.55|LayerOffset12@0.5:0.5:0.5|LayerMiniDiamond9@0.5:0.5:0.42
422,Vehicle,8,7,238,476,80,Custom:XXXXXXX/..XXXXX/XXXXXXX/XXXXXXX/XXXXXXX@0:0:1|LayerCorners12@0.5:0.5:0.77|LayerOffset12@0.5:0.5:0.55|LayerDiamond15@0.5:0.5:0.5|LayerDiagonal6@0.5:0.5:0.42
423,Weather,8,7,239,478,80,Custom:.XXXXXX./XXXXXXX./..X.XXXX/....XX.X/..XXXXXX/.X.XXXXX@0:0:1|LayerCrown15@0.5:0.5:0.77|LayerPillar12@0.5:0.5:0.55|LayerPillar12@0.5:0.5:0.5|LayerLine12@0.5:0.5:0.42
424,Tool,8,7,239,478,81,Custom:.XXXX.X/..XX..X/..XXXXX/.XXXXXX/XXXXXXX/XXXXXXX@0:0:1|LayerDiamond15@0.5:0.5:0.77|LayerDiagonal6@0.5:0.5:0.55|LayerStagger9@0.5:0.5:0.5|LayerCap18@0.5:0.5:0.42
425,Food,8,7,239,478,101,Custom:..XX..X/X.XX.../.XXXXXX/XXXXXXX/XXXXXXX/XXXXXXX@0:0:1|LayerCap18@0.5:0.5:0.77|LayerLine12@0.5:0.5:0.55|LayerCrown15@0.5:0.5:0.5|LayerCross15@0.5:0.5:0.42
426,Plant,8,7,239,478,81,Custom:.....XX./..XXXX../XXXXX.XX/XXX.X..X/XX.XXXXX/XXXXXXXX@0:0:1|LayerPillar12@0.5:0.5:0.77|LayerStagger9@0.5:0.5:0.55|LayerMiniDiamond9@0.5:0.5:0.5|LayerOffset12@0.5:0.5:0.42
427,Animal,8,7,239,478,81,Custom:.XXXXXX/XXXXXXX/XXXXXXX/XXXXXXX/.XXXXXX@0:0:1|LayerCross15@0.5:0.5:0.77|LayerMiniDiamond9@0.5:0.5:0.55|LayerDiagonal6@0.5:0.5:0.5|LayerDiamond15@0.5:0.5:0.42
428,Sweet,8,7,240,480,81,Custom:XXXX.XX/XXXXXXX/XXXXXXX/X.XXXXX/XXXXXXX@0:0:1|LayerStagger9@0.5:0.5:0.77|LayerCross15@0.5:0.5:0.55|LayerLine12@0.5:0.5:0.5|LayerPillar12@0.5:0.5:0.42
429,Bug,8,7,240,480,81,Custom:.X..XXXX/..XXXXXX/.X.XXXXX/XXXXXXXX/XXXXXXXX@0:0:1|LayerOffset12@0.5:0.5:0.77|LayerOffset12@0.5:0.5:0.55|LayerCap18@0.5:0.5:0.5|LayerStagger9@0.5:0.5:0.42
430,Vehicle,8,7,252,504,81,Custom:.XXXXX./XXXXXXX/..XXXXX/....X.X/XXXXXXX/XXXXXXX@0:0:1|LayerBlock9@0.5:0.5:0.77|LayerPillar12@0.5:0.5:0.55|LayerCross15@0.5:0.5:0.5|LayerCrown15@0.5:0.5:0.42
431,Weather,8,7,240,480,81,Custom:..X.X../.XXXXXX/XXXXXXX/XXXXXXX/XXXX.X./XXXXXX.@0:0:1|LayerLine12@0.5:0.5:0.77|LayerDiagonal6@0.5:0.5:0.55|LayerOffset12@0.5:0.5:0.5|LayerMiniDiamond9@0.5:0.5:0.42
432,Tool,8,7,241,482,82,Custom:.XXX.XX./..X..XXX/..XXXXX./..XXXX.X/..XXXXXX/XXXXXXXX@0:0:1|LayerCorners12@0.5:0.5:0.77|LayerLine12@0.5:0.5:0.55|LayerDiamond15@0.5:0.5:0.5|LayerDiagonal6@0.5:0.5:0.42
433,Food,8,7,241,482,82,Custom:.X..XXX/XX..X.X/X.XXXXX/XXXXXXX/XXXXXXX/.X.XXXX@0:0:1|LayerCrown15@0.5:0.5:0.77|LayerStagger9@0.5:0.5:0.55|LayerPillar12@0.5:0.5:0.5|LayerLine12@0.5:0.5:0.42
434,Plant,8,7,241,482,82,Custom:XX.XXXX/XXXXXXX/XXXXXX./XXXXXXX/XXXXXXX@0:0:1|LayerDiamond15@0.5:0.5:0.77|LayerMiniDiamond9@0.5:0.5:0.55|LayerStagger9@0.5:0.5:0.5|LayerCap18@0.5:0.5:0.42
435,Animal,8,7,241,482,82,Custom:XX....../XXXXXXX./XXXXXXXX/XXXXXXXX/XXXXXXXX@0:0:1|LayerCap18@0.5:0.5:0.77|LayerCross15@0.5:0.5:0.55|LayerCrown15@0.5:0.5:0.5|LayerCross15@0.5:0.5:0.42
436,Sweet,8,7,241,482,82,Custom:.XXX.XX/XXXXXXX/XXXXXXX/XXXXXXX/XXXXXXX@0:0:1|LayerPillar12@0.5:0.5:0.77|LayerOffset12@0.5:0.5:0.55|LayerMiniDiamond9@0.5:0.5:0.5|LayerOffset12@0.5:0.5:0.42
437,Bug,8,7,242,484,82,Custom:..XXX../..XXXX./XXX.XXX/XXXXXXX/XX.XXXX/XXXXXXX@0:0:1|LayerCross15@0.5:0.5:0.77|LayerPillar12@0.5:0.5:0.55|LayerDiagonal6@0.5:0.5:0.5|LayerDiamond15@0.5:0.5:0.42
438,Vehicle,8,7,242,484,82,Custom:.......X/...XXXX./.XXXXX.X/XXXXXXXX/XXX.XXXX/.XXXXXXX@0:0:1|LayerStagger9@0.5:0.5:0.76|LayerDiagonal6@0.5:0.5:0.55|LayerLine12@0.5:0.5:0.5|LayerPillar12@0.5:0.5:0.42
439,Weather,8,7,242,484,82,Custom:XXXXX../XXXX.../..XXXXX/..XXXXX/XXXXXXX/XXXXXXX@0:0:1|LayerOffset12@0.5:0.5:0.76|LayerLine12@0.5:0.5:0.55|LayerCap18@0.5:0.5:0.5|LayerStagger9@0.5:0.5:0.42
440,Tool,8,7,254,508,83,Custom:..X..../.XX.XXX/.XXXXXX/XXXXXXX/XXXXXXX/XXXXXXX@0:0:1|LayerBlock9@0.5:0.5:0.76|LayerStagger9@0.5:0.5:0.55|LayerCross15@0.5:0.5:0.5|LayerCrown15@0.5:0.5:0.42
441,Food,8,7,243,486,83,Custom:..XXXXXX/.X..XXXX/.XXXXX.X/XXXXXXXX/XXXXXXXX@0:0:1|LayerLine12@0.5:0.5:0.76|LayerMiniDiamond9@0.5:0.5:0.55|LayerOffset12@0.5:0.5:0.5|LayerMiniDiamond9@0.5:0.5:0.42
442,Plant,8,7,243,486,83,Custom:XXX.XXX/XXXXXXX/XXXXXX./XXXXXXX/XXXXXXX@0:0:1|LayerCorners12@0.5:0.5:0.76|LayerCross15@0.5:0.5:0.55|LayerDiamond15@0.5:0.5:0.5|LayerDiagonal6@0.5:0.5:0.42
443,Animal,8,7,243,486,83,Custom:.XXXX.X/XXXXXXX/XXXXXXX/XXXXXXX/XXXXXXX@0:0:1|LayerCrown15@0.5:0.5:0.76|LayerOffset12@0.5:0.5:0.55|LayerPillar12@0.5:0.5:0.5|LayerLine12@0.5:0.5:0.42
444,Sweet,8,7,243,486,83,Custom:.XXXXX../..XXXX../..XXX.../XX.XXX../XXXXXXXX/XXXXXXXX@0:0:1|LayerDiamond15@0.5:0.5:0.76|LayerPillar12@0.5:0.5:0.55|LayerStagger9@0.5:0.5:0.5|LayerCap18@0.5:0.5:0.42
445,Bug,8,7,243,486,83,Custom:X......./.XX.XX../.XXXXXX./XXXXXXXX/.XXXXXXX/XXXXXXX.@0:0:1|LayerCap18@0.5:0.5:0.76|LayerDiagonal6@0.5:0.5:0.55|LayerCrown15@0.5:0.5:0.5|LayerCross15@0.5:0.5:0.42
446,Vehicle,8,7,244,488,83,Custom:.XXXXX./XXX.XXX/XXXXXX./.X.XXX./.XXXXX./XXXXXXX@0:0:1|LayerPillar12@0.5:0.5:0.76|LayerLine12@0.5:0.5:0.55|LayerMiniDiamond9@0.5:0.5:0.5|LayerOffset12@0.5:0.5:0.42
447,Weather,8,7,244,488,83,Custom:X....XX./XX..X.XX/X..XX.../XXXXXX../XXXXXXXX/XXXXXXXX@0:0:1|LayerCross15@0.5:0.5:0.76|LayerStagger9@0.5:0.5:0.55|LayerDiagonal6@0.5:0.5:0.5|LayerDiamond15@0.5:0.5:0.42
448,Tool,8,7,244,488,84,Custom:.XXXXXXX/..XXXXX./..XXXXXX/.XXXXXXX/XXXXXXXX@0:0:1|LayerStagger9@0.5:0.5:0.76|LayerMiniDiamond9@0.5:0.5:0.55|LayerLine12@0.5:0.5:0.5|LayerPillar12@0.5:0.5:0.42
449,Food,8,7,244,488,84,Custom:..X.XX./X..XXX./..XXXXX/XXXXXXX/XXXXXXX/XXXXXXX@0:0:1|LayerOffset12@0.5:0.5:0.76|LayerCross15@0.5:0.5:0.55|LayerCap18@0.5:0.5:0.5|LayerStagger9@0.5:0.5:0.42
450,Plant,8,7,257,514,104,Custom:XXXXXXXX/..XXX.X./..XXXXXX/X.XXXXXX/XXXXXXXX@0:0:1|LayerBlock9@0.5:0.5:0.76|LayerOffset12@0.5:0.5:0.55|LayerCross15@0.5:0.5:0.5|LayerCrown15@0.5:0.5:0.42
451,Animal,8,7,245,490,84,Custom:.XXXXXX./.....XXX/....XXXX/...XXXXX/XX.XXXXX/XXXXXXXX@0:0:1|LayerLine12@0.5:0.5:0.76|LayerPillar12@0.5:0.5:0.54|LayerOffset12@0.5:0.5:0.5|LayerMiniDiamond9@0.5:0.5:0.42
452,Sweet,8,7,245,490,84,Custom:....X../XX..XX./XXXXXXX/XXXXXXX/XXXXXXX/XXXXXXX@0:0:1|LayerCorners12@0.5:0.5:0.76|LayerDiagonal6@0.5:0.5:0.54|LayerDiamond15@0.5:0.5:0.5|LayerDiagonal6@0.5:0.5:0.42
453,Bug,8,7,245,490,84,Custom:XXX.X.X./.XXXX.XX/.XX.X.X./X.XXX.../XXXXXX../XXXXXXXX@0:0:1|LayerCrown15@0.5:0.5:0.76|LayerLine12@0.5:0.5:0.54|LayerPillar12@0.5:0.5:0.5|LayerLine12@0.5:0.5:0.42
454,Vehicle,8,7,245,490,84,Custom:..XX..../.X.XXX../X.XXXXXX/..XXXXXX/XXXXXXXX/.XXXXXX.@0:0:1|LayerDiamond15@0.5:0.5:0.76|LayerStagger9@0.5:0.5:0.54|LayerStagger9@0.5:0.5:0.5|LayerCap18@0.5:0.5:0.42
455,Weather,8,7,246,492,84,Custom:XXX.X.X/XXXXXXX/XXXXXXX/XXXXXXX/XXXXXXX@0:0:1|LayerCap18@0.5:0.5:0.76|LayerMiniDiamond9@0.5:0.5:0.54|LayerCrown15@0.5:0.5:0.5|LayerCross15@0.5:0.5:0.42
456,Tool,8,7,246,492,85,Custom:X.XXX.X./XX.XXXXX/..XXXXXX/.XXXXXXX/XXXXXXXX@0:0:1|LayerPillar12@0.5:0.5:0.76|LayerCross15@0.5:0.5:0.54|LayerMiniDiamond9@0.5:0.5:0.5|LayerOffset12@0.5:0.5:0.42
457,Food,8,7,246,492,85,Custom:.XX...XX/.XXXXXXX/XXXXXXXX/XXXXXXXX/.XXX.XXX@0:0:1|LayerCross15@0.5:0.5:0.76|LayerOffset12@0.5:0.5:0.54|LayerDiagonal6@0.5:0.5:0.5|LayerDiamond15@0.5:0.5:0.42
458,Plant,8,7,246,492,85,Custom:.XX.XX./XXX..../.XX.XXX/XXXXXXX/XXXXXXX/XXXXXXX@0:0:1|LayerStagger9@0.5:0.5:0.76|LayerPillar12@0.5:0.5:0.54|LayerLine12@0.5:0.5:0.5|LayerPillar12@0.5:0.5:0.42
459,Animal,8,7,246,492,85,Custom:XX....XX/X....X../XXX..XXX/.XXXXXX./XXXXXX.X/XXXXXXXX@0:0:1|LayerOffset12@0.5:0.5:0.76|LayerDiagonal6@0.5:0.5:0.54|LayerCap18@0.5:0.5:0.5|LayerStagger9@0.5:0.5:0.42
460,Sweet,8,7,259,518,85,Custom:..X.XX../...XXX../.XXXXXXX/XXXXXXXX/..XXXXXX/..XXXXXX@0:0:1|LayerBlock9@0.5:0.5:0.76|LayerLine12@0.5:0.5:0.54|LayerCross15@0.5:0.5:0.5|LayerCrown15@0.5:0.5:0.42
461,Bug,8,7,247,494,85,Custom:...X..X/XXXXX../XXXXX../XXXXXXX/XXXXXXX/XXXXXXX@0:0:1|LayerLine12@0.5:0.5:0.76|LayerStagger9@0.5:0.5:0.54|LayerOffset12@0.5:0.5:0.5|LayerMiniDiamond9@0.5:0.5:0.42
462,Vehicle,8,7,247,494,85,Custom:....X.XX/XXXX..XX/XXXXXXXX/XXXXXXXX/XXXXXXXX@0:0:1|LayerCorners12@0.5:0.5:0.76|LayerMiniDiamond9@0.5:0.5:0.54|LayerDiamond15@0.5:0.5:0.5|LayerDiagonal6@0.5:0.5:0.42
463,Weather,8,7,247,494,85,Custom:...XX.X./XXXXX..X/XXXXXXXX/XXXXXXXX/XXXXXXXX@0:0:1|LayerCrown15@0.5:0.5:0.75|LayerCross15@0.5:0.5:0.54|LayerPillar12@0.5:0.5:0.5|LayerLine12@0.5:0.5:0.42
464,Tool,8,7,248,496,86,Custom:.XXXXXX/XXXXXXX/XXXXXX./XXXXXXX/XXXXXXX@0:0:1|LayerDiamond15@0.5:0.5:0.75|LayerOffset12@0.5:0.5:0.54|LayerStagger9@0.5:0.5:0.5|LayerCap18@0.5:0.5:0.42
465,Food,8,7,248,496,86,Custom:..X..X../..XXX.X./XXXXX.../XXXXXXX./XXXXXXXX/XXXXXXX.@0:0:1|LayerCap18@0.5:0.5:0.75|LayerPillar12@0.5:0.5:0.54|LayerCrown15@0.5:0.5:0.5|LayerCross15@0.5:0.5:0.42
466,Plant,8,7,248,496,86,Custom:..X...../.XXXXXX./..XXXXXX/.XXXXXXX/XX.XXXXX/.XX.XXXX@0:0:1|LayerPillar12@0.5:0.5:0.75|LayerDiagonal6@0.5:0.5:0.54|LayerMiniDiamond9@0.5:0.5:0.5|LayerOffset12@0.5:0.5:0.42
467,Animal,8,7,248,496,86,Custom:...X..X/.XXXXXX/XXXXXXX/X.XXXXX/.XXXXXX/.XXXXXX@0:0:1|LayerCross15@0.5:0.5:0.75|LayerLine12@0.5:0.5:0.54|LayerDiagonal6@0.5:0.5:0.5|LayerDiamond15@0.5:0.5:0.42
468,Sweet,8,7,248,496,86,Custom:..X..XXX/..X..X../.X.XXXXX/.XXXXX.X/XXXXXXXX/XXX.XXXX@0:0:1|LayerStagger9@0.5:0.5:0.75|LayerStagger9@0.5:0.5:0.54|LayerLine12@0.5:0.5:0.5|LayerPillar12@0.5:0.5:0.42
469,Bug,8,7,249,498,86,Custom:..XXXX../XXXXXX../XXXXXXXX/XXXXXXXX/.XXXXXXX@0:0:1|LayerOffset12@0.5:0.5:0.75|LayerMiniDiamond9@0.5:0.5:0.54|LayerCap18@0.5:0.5:0.5|LayerStagger9@0.5:0.5:0.42
470,Vehicle,8,7,261,522,86,Custom:X.X.XXX/.XXX.../.XXXX.X/.XXXXXX/XXXXXXX/XXXXXXX@0:0:1|LayerBlock9@0.5:0.5:0.75|LayerCross15@0.5:0.5:0.54|LayerCross15@0.5:0.5:0.5|LayerCrown15@0.5:0.5:0.42
471,Weather,8,7,249,498,86,Custom:XX.XXXXX/XXXXXX.X/X..XXXX./X..XXXXX/XXXXXXXX@0:0:1|LayerLine12@0.5:0.5:0.75|LayerOffset12@0.5:0.5:0.54|LayerOffset12@0.5:0.5:0.5|LayerMiniDiamond9@0.5:0.5:0.42
472,Tool,8,7,249,498,87,Custom:XXXX..../XX.X.X../.XX.XX../XXXXXX.X/XXXXXXX./XXXX.XXX@0:0:1|LayerCorners12@0.5:0.5:0.75|LayerPillar12@0.5:0.5:0.54|LayerDiamond15@0.5:0.5:0.5|LayerDiagonal6@0.5:0.5:0.42
473,Food,8,7,250,500,87,Custom:.XX.XX./..X.XXX/XXXXX.X/XXXXXX./.XXXXXX/XXXXXXX@0:0:1|LayerCrown15@0.5:0.5:0.75|LayerDiagonal6@0.5:0.5:0.54|LayerPillar12@0.5:0.5:0.5|LayerLine12@0.5:0.5:0.42
474,Plant,8,7,250,500,87,Custom:.X....X./XX....XX/..XXX.XX/X.X.XXXX/XXXXXXXX/XXXXXXXX@0:0:1|LayerDiamond15@0.5:0.5:0.75|LayerLine12@0.5:0.5:0.54|LayerStagger9@0.5:0.5:0.5|LayerCap18@0.5:0.5:0.42
475,Animal,8,7,250,500,107,Custom:X..X..XX/X.....X./XX.XX.../XXXXXXXX/.XXXXXXX/XXXXXXXX@0:0:1|LayerCap18@0.5:0.5:0.75|LayerStagger9@0.5:0.5:0.54|LayerCrown15@0.5:0.5:0.5|LayerCross15@0.5:0.5:0.42
476,Sweet,8,7,250,500,87,Custom:XX..XXX/XXXXXXX/XXXXXXX/XXXXXXX/XXXXXXX@0:0:1|LayerPillar12@0.5:0.5:0.75|LayerMiniDiamond9@0.5:0.5:0.54|LayerMiniDiamond9@0.5:0.5:0.5|LayerOffset12@0.5:0.5:0.42
477,Bug,8,7,250,500,87,Custom:XX.XX.X./XXXXX.X./XXXXXX../XXXXXXXX/XXXXXXXX@0:0:1|LayerCross15@0.5:0.5:0.75|LayerCross15@0.5:0.5:0.54|LayerDiagonal6@0.5:0.5:0.5|LayerDiamond15@0.5:0.5:0.42
478,Vehicle,8,7,251,502,87,Custom:.XXXXXX./..XXXXX./.XXXXXX./XXXXXXXX/XXXXXXXX@0:0:1|LayerStagger9@0.5:0.5:0.75|LayerOffset12@0.5:0.5:0.54|LayerLine12@0.5:0.5:0.5|LayerPillar12@0.5:0.5:0.42
479,Weather,8,7,251,502,87,Custom:X.X.X.X/..XXXXX/XXXXXXX/..XXXX./.XXXXXX/XXXXXXX@0:0:1|LayerOffset12@0.5:0.5:0.75|LayerPillar12@0.5:0.5:0.54|LayerCap18@0.5:0.5:0.5|LayerStagger9@0.5:0.5:0.42
480,Tool,8,7,263,526,88,Custom:.X..XX.X/.XXXXXXX/XX.XX.../..XXX.../XXXXXXXX/.XXXXXXX@0:0:1|LayerBlock9@0.5:0.5:0.75|LayerDiagonal6@0.5:0.5:0.54|LayerCross15@0.5:0.5:0.5|LayerCrown15@0.5:0.5:0.42
481,Food,8,7,251,502,88,Custom:....XXX./..XXXX../..XXXXX./..XXXXX./XXXXXXXX/XXXXXXXX@0:0:1|LayerLine12@0.5:0.5:0.75|LayerLine12@0.5:0.5:0.54|LayerOffset12@0.5:0.5:0.5|LayerMiniDiamond9@0.5:0.5:0.42
482,Plant,8,7,252,504,88,Custom:..XX.../X.XXXX./.XXXXX./XXXXXXX/XXXXXXX/XXXXXXX@0:0:1|LayerCorners12@0.5:0.5:0.75|LayerStagger9@0.5:0.5:0.54|LayerDiamond15@0.5:0.5:0.5|LayerDiagonal6@0.5:0.5:0.42
483,Animal,8,7,252,504,88,Custom:.X....XX/XXXXXXXX/.XXXXXXX/XXXXXXXX/XXXX.XXX@0:0:1|LayerCrown15@0.5:0.5:0.75|LayerMiniDiamond9@0.5:0.5:0.54|LayerPillar12@0.5:0.5:0.5|LayerLine12@0.5:0.5:0.42
484,Sweet,8,7,252,504,88,Custom:X..XX..X/X..XXXXX/XXXXXXXX/.XXXXXXX/XXXXXXXX@0:0:1|LayerDiamond15@0.5:0.5:0.75|LayerCross15@0.5:0.5:0.54|LayerStagger9@0.5:0.5:0.5|LayerCap18@0.5:0.5:0.42
485,Bug,8,7,252,504,88,Custom:XXX..XX/XXXXXXX/XXXXXXX/XXXXXXX/XXXXXXX@0:0:1|LayerCap18@0.5:0.5:0.75|LayerOffset12@0.5:0.5:0.54|LayerCrown15@0.5:0.5:0.5|LayerCross15@0.5:0.5:0.42
486,Vehicle,8,7,252,504,88,Custom:...XXXXX/.....XX./..XX.XXX/.XXXX.XX/XXXXXXXX/.XXXXXXX@0:0:1|LayerPillar12@0.5:0.5:0.75|LayerPillar12@0.5:0.5:0.54|LayerMiniDiamond9@0.5:0.5:0.5|LayerOffset12@0.5:0.5:0.42
487,Weather,8,7,253,506,88,Custom:......XX/XX.XXXXX/.XXXXXX./..X.XXXX/XX.XXXXX/XXXXX.X.@0:0:1|LayerCross15@0.5:0.5:0.75|LayerDiagonal6@0.5:0.5:0.54|LayerDiagonal6@0.5:0.5:0.5|LayerDiamond15@0.5:0.5:0.42
488,Tool,8,7,253,506,89,Custom:X.XXXX./XXXXXX./X..XXX./X..XXXX/XX.XXXX/XXXXXXX@0:0:1|LayerStagger9@0.5:0.5:0.74|LayerLine12@0.5:0.5:0.54|LayerLine12@0.5:0.5:0.5|LayerPillar12@0.5:0.5:0.42
489,Food,8,7,253,506,89,Custom:XX..X.X/X...XXX/X.X.XXX/X.XXXXX/XXXXXXX/XXXXXXX@0:0:1|LayerOffset12@0.5:0.5:0.74|LayerStagger9@0.5:0.5:0.54|LayerCap18@0.5:0.5:0.5|LayerStagger9@0.5:0.5:0.42
490,Plant,8,7,265,530,89,Custom:XX.XXX../XXXXX.../XXXXXXXX/XXXXXX.X/XXXXXXXX@0:0:1|LayerBlock9@0.5:0.5:0.74|LayerMiniDiamond9@0.5:0.5:0.54|LayerCross15@0.5:0.5:0.5|LayerCrown15@0.5:0.5:0.42
491,Animal,8,7,254,508,89,Custom:..XXXX./XXXXXXX/.XXXX../..XXXXX/.XXXXXX/XXXXXXX@0:0:1|LayerLine12@0.5:0.5:0.74|LayerCross15@0.5:0.5:0.54|LayerOffset12@0.5:0.5:0.5|LayerMiniDiamond9@0.5:0.5:0.42
492,Sweet,8,7,254,508,89,Custom:XX.XXXX/XXX.XXX/XXXXXXX/XXXXXXX/XXXXXXX@0:0:1|LayerCorners12@0.5:0.5:0.74|LayerOffset12@0.5:0.5:0.54|LayerDiamond15@0.5:0.5:0.5|LayerDiagonal6@0.5:0.5:0.42
493,Bug,8,7,254,508,89,Custom:XX...XXX/.XX..X.X/.XXXXX.X/X.XXXXXX/XXXX.X.X/XX...XXX@0:0:1|LayerCrown15@0.5:0.5:0.74|LayerPillar12@0.5:0.5:0.54|LayerPillar12@0.5:0.5:0.5|LayerLine12@0.5:0.5:0.42
494,Vehicle,8,7,254,508,89,Custom:.XX.XX/XXXXXX/XXXXXX/.XXXXX/XXXXXX/XXXXXX@0:0:1|LayerDiamond15@0.5:0.5:0.74|LayerDiagonal6@0.5:0.5:0.54|LayerStagger9@0.5:0.5:0.5|LayerCap18@0.5:0.5:0.42
495,Weather,8,7,254,508,89,Custom:X.XX.../X...XX./XX.XXXX/XXXXXXX/XXXXXXX/XXXXXXX@0:0:1|LayerCap18@0.5:0.5:0.74|LayerLine12@0.5:0.5:0.54|LayerCrown15@0.5:0.5:0.5|LayerCross15@0.5:0.5:0.42
496,Tool,8,7,255,510,90,Custom:XXXXXX../.XXXXXX./..XXXXXX/.XXXXXXX/XXXXXXXX@0:0:1|LayerPillar12@0.5:0.5:0.74|LayerStagger9@0.5:0.5:0.54|LayerMiniDiamond9@0.5:0.5:0.5|LayerOffset12@0.5:0.5:0.42
497,Food,8,7,255,510,90,Custom:..XXXXX/XXXXXXX/XXXXXXX/XXXXXXX/XXXXXXX@0:0:1|LayerCross15@0.5:0.5:0.74|LayerMiniDiamond9@0.5:0.5:0.54|LayerDiagonal6@0.5:0.5:0.5|LayerDiamond15@0.5:0.5:0.42
498,Plant,8,7,255,510,90,Custom:XXX.XXX/XXXXXXX/XX.XXXX/XXXXXXX/XXXXXXX@0:0:1|LayerStagger9@0.5:0.5:0.74|LayerCross15@0.5:0.5:0.54|LayerLine12@0.5:0.5:0.5|LayerPillar12@0.5:0.5:0.42
499,Animal,8,7,255,510,90,Custom:..XXXXX./..XXXXX./.XXXXXXX/XXXXXXXX/XXXXXXXX@0:0:1|LayerOffset12@0.5:0.5:0.74|LayerOffset12@0.5:0.5:0.54|LayerCap18@0.5:0.5:0.5|LayerStagger9@0.5:0.5:0.42
500,Sweet,8,7,268,536,110,Custom:..X..../.XXXXXX/..XXXXX/XXXXXXX/XXXXXXX/XXXXXXX@0:0:1|LayerBlock9@0.5:0.5:0.74|LayerPillar12@0.5:0.5:0.54|LayerCross15@0.5:0.5:0.5|LayerCrown15@0.5:0.5:0.42
501,Vehicle,8,7,262,524,90,Custom:.XXXXX./XXXXXX./X.XX..X/.XX...X/XXXXXX./.XXXXX./XXXXXXX@0:0:1|LayerLine12@0.5:0.5:0.74|LayerDiagonal6@0.5:0.5:0.54|LayerOffset12@0.5:0.5:0.5|LayerMiniDiamond9@0.5:0.5:0.42
502,Weather,8,7,262,524,90,Custom:XX.....X/XXXXXX../.X..XXX./.X...XXX/.XXXX.X./XX.XXXXX/X.XXXXXX@0:0:1|LayerCorners12@0.5:0.5:0.74|LayerLine12@0.5:0.5:0.54|LayerDiamond15@0.5:0.5:0.5|LayerDiagonal6@0.5:0.5:0.42
503,Tool,8,7,262,524,90,Custom:XXX.XXX/XXX..XX/.XX.XXX/.XXXXXX/XXXXXXX/XXXXXXX@0:0:1|LayerCrown15@0.5:0.5:0.74|LayerStagger9@0.5:0.5:0.54|LayerPillar12@0.5:0.5:0.5|LayerLine12@0.5:0.5:0.42
504,Fantasy,8,7,262,524,91,Custom:..XXX.X/..XXXXX/XXXXXXX/XXXXXXX/.XXXXXX/XXXXXXX@0:0:1|LayerDiamond15@0.5:0.5:0.74|LayerMiniDiamond9@0.5:0.5:0.54|LayerStagger9@0.5:0.5:0.5|LayerCap18@0.5:0.5:0.42
505,Food,8,7,263,526,91,Custom:XXXXX.XX/XXXXXXXX/.XXXXXXX/.X.XXXXX/..XXXX../.XXXX...@0:0:1|LayerCap18@0.5:0.5:0.74|LayerCross15@0.5:0.5:0.54|LayerCrown15@0.5:0.5:0.5|LayerCross15@0.5:0.5:0.42
506,Plant,8,7,263,526,91,Custom:.XX.X../.XXXXX./XXXXXXX/XXXXXXX/XXXXXXX/XXXXXXX@0:0:1|LayerPillar12@0.5:0.5:0.74|LayerOffset12@0.5:0.5:0.54|LayerMiniDiamond9@0.5:0.5:0.5|LayerOffset12@0.5:0.5:0.42
507,Animal,8,7,263,526,91,Custom:.X...X./.X.X.XX/..XX.XX/XXXXX../XXXXXXX/XXXXXXX/XXXXXXX@0:0:1|LayerCross15@0.5:0.5:0.74|LayerPillar12@0.5:0.5:0.54|LayerDiagonal6@0.5:0.5:0.5|LayerDiamond15@0.5:0.5:0.42
508,Sweet,8,7,263,526,91,Custom:.XX...X./.XXX.XX./..X..X.X/.X...XX./X..XXXXX/XXXXXXXX/XXXXXXXX@0:0:1|LayerStagger9@0.5:0.5:0.74|LayerDiagonal6@0.5:0.5:0.54|LayerLine12@0.5:0.5:0.5|LayerPillar12@0.5:0.5:0.42
509,Bug,8,7,263,526,91,Custom:..XXX../X.X...X/.XX..XX/XXXXXXX/XX.XXXX/.XXXXXX/XXXXXXX@0:0:1|LayerOffset12@0.5:0.5:0.74|LayerLine12@0.5:0.5:0.54|LayerCap18@0.5:0.5:0.5|LayerStagger9@0.5:0.5:0.42
510,Fantasy,8,7,276,552,91,Custom:.XX.XXX/XXXXXXX/X.XXX.X/XXXXXX./XXXXXX./XXXXXXX@0:0:1|LayerBlock9@0.5:0.5:0.74|LayerStagger9@0.5:0.5:0.54|LayerCross15@0.5:0.5:0.5|LayerCrown15@0.5:0.5:0.42
511,Weather,8,7,264,528,91,Custom:.XXXXX../.XXXXX../.XXXXXX./..XXXXX./XXXXXXX./XXXXXXXX@0:0:1|LayerLine12@0.5:0.5:0.74|LayerMiniDiamond9@0.5:0.5:0.53|LayerOffset12@0.5:0.5:0.5|LayerMiniDiamond9@0.5:0.5:0.42
512,Tool,8,7,264,528,92,Custom:X.....X/XXX.XXX/XXXXXXX/XXXXXXX/XXXXXXX/XXXXXXX@0:0:1|LayerCorners12@0.5:0.5:0.74|LayerCross15@0.5:0.5:0.53|LayerDiamond15@0.5:0.5:0.5|LayerDiagonal6@0.5:0.5:0.42
513,Fantasy,8,7,264,528,92,Custom:...XXX./XXXXXXX/XXXXXXX/XXXXXX./XXXXXX./XXXXXXX@0:0:1|LayerCrown15@0.5:0.5:0.73|LayerOffset12@0.5:0.5:0.53|LayerPillar12@0.5:0.5:0.5|LayerLine12@0.5:0.5:0.42
514,Food,8,7,265,530,92,Custom:XX.X..XX/.X.X..XX/X.....X./X..X.XX./.XXX.XX./XXXXXXXX/XXXXXXXX@0:0:1|LayerDiamond15@0.5:0.5:0.73|LayerPillar12@0.5:0.5:0.53|LayerStagger9@0.5:0.5:0.5|LayerCap18@0.5:0.5:0.42
515,Plant,8,7,265,530,92,Custom:....XXX/..X.XXX/.XXXXXX/XXXXXXX/.XXXXXX/X..XXXX/X..XXXX@0:0:1|LayerCap18@0.5:0.5:0.73|LayerDiagonal6@0.5:0.5:0.53|LayerCrown15@0.5:0.5:0.5|LayerCross15@0.5:0.5:0.42
516,Animal,8,7,265,530,92,Custom:.XX.XX./.XXX.../.XXXX../XXXXX../XXXXXXX/X.XXXXX/XXXXXXX@0:0:1|LayerPillar12@0.5:0.5:0.73|LayerLine12@0.5:0.5:0.53|LayerMiniDiamond9@0.5:0.5:0.5|LayerOffset12@0.5:0.5:0.42
517,Sweet,8,7,265,530,92,Custom:.XXXXXXX/.X.XX.../..XXXX../.XXXXX.X/XXXXXXXX/XXXXXXXX@0:0:1|LayerCross15@0.5:0.5:0.73|LayerStagger9@0.5:0.5:0.53|LayerDiagonal6@0.5:0.5:0.5|LayerDiamond15@0.5:0.5:0.42
518,Bug,8,7,265,530,92,Custom:.X..XX./XXX.XXX/XX.XXXX/XXXXXXX/XXXXXXX/XXXXXXX@0:0:1|LayerStagger9@0.5:0.5:0.73|LayerMiniDiamond9@0.5:0.5:0.53|LayerLine12@0.5:0.5:0.5|LayerPillar12@0.5:0.5:0.42
519,Vehicle,8,7,266,532,92,Custom:...XXXX/X..XXXX/XXXXX.X/XXXXXXX/XXXXXXX/XXXXXXX@0:0:1|LayerOffset12@0.5:0.5:0.73|LayerCross15@0.5:0.5:0.53|LayerCap18@0.5:0.5:0.5|LayerStagger9@0.5:0.5:0.42
520,Fantasy,8,7,278,556,93,Custom:XX....../XXXXX.../XXXXXX../XXXX.XXX/XXXXXXXX/XXXXXXXX@0:0:1|LayerBlock9@0.5:0.5:0.73|LayerOffset12@0.5:0.5:0.53|LayerCross15@0.5:0.5:0.5|LayerCrown15@0.5:0.5:0.42
521,Tool,8,7,266,532,93,Custom:X.XXXXX/X..XXXX/.X.XXXX/....XXX/...XXX./XXXXXXX/XXXXXXX@0:0:1|LayerLine12@0.5:0.5:0.73|LayerPillar12@0.5:0.5:0.53|LayerOffset12@0.5:0.5:0.5|LayerMiniDiamond9@0.5:0.5:0.42
522,Fantasy,8,7,266,532,93,Custom:X...XXX/X...XXX/....XXX/..XXXXX/XXXXXXX/XXXX.XX/XXXXXXX@0:0:1|LayerCorners12@0.5:0.5:0.73|LayerDiagonal6@0.5:0.5:0.53|LayerDiamond15@0.5:0.5:0.5|LayerDiagonal6@0.5:0.5:0.42
523,Food,8,7,267,534,93,Custom:....XXX./.....XX./.X.XX.X./X...XXXX/XXXXXXXX/.XXXXXXX/XXXXXXX.@0:0:1|LayerCrown15@0.5:0.5:0.73|LayerLine12@0.5:0.5:0.53|LayerPillar12@0.5:0.5:0.5|LayerLine12@0.5:0.5:0.42
524,Plant,8,7,267,534,93,Custom:XXXXXXX/..XXXXX/..XXXXX/XXXXXXX/.XXXXX./XXXXXXX@0:0:1|LayerDiamond15@0.5:0.5:0.73|LayerStagger9@0.5:0.5:0.53|LayerStagger9@0.5:0.5:0.5|LayerCap18@0.5:0.5:0.42
525,Animal,8,7,267,534,113,Custom:..XXXXX/.XXXX.X/XXXXXXX/XX.XXXX/XXX.XXX/XXXXXXX@0:0:1|LayerCap18@0.5:0.5:0.73|LayerMiniDiamond9@0.5:0.5:0.53|LayerCrown15@0.5:0.5:0.5|LayerCross15@0.5:0.5:0.42
526,Sweet,8,7,267,534,93,Custom:XXX...XX/X.....X./XX.XX.X./XXXXXXXX/XXXXXXXX/XXXXXXXX@0:0:1|LayerPillar12@0.5:0.5:0.73|LayerCross15@0.5:0.5:0.53|LayerMiniDiamond9@0.5:0.5:0.5|LayerOffset12@0.5:0.5:0.42
527,Bug,8,7,267,534,93,Custom:XX.XXX./XX.XXX./XXXXXX./XXXXXX./XXXXXXX/XXXXXXX@0:0:1|LayerCross15@0.5:0.5:0.73|LayerOffset12@0.5:0.5:0.53|LayerDiagonal6@0.5:0.5:0.5|LayerDiamond15@0.5:0.5:0.42
528,Vehicle,8,7,268,536,94,Custom:XXXXXXX/XXXXXXX/X.XXXXX/......./..X..XX/.XXXXXX/XXXXXXX@0:0:1|LayerStagger9@0.5:0.5:0.73|LayerPillar12@0.5:0.5:0.53|LayerLine12@0.5:0.5:0.5|LayerPillar12@0.5:0.5:0.42
529,Weather,8,7,268,536,94,Custom:.XXXX.../...XX.../...XXX../XX.XXXXX/..XXXXXX/XXXXXXXX/X.XXXXX.@0:0:1|LayerOffset12@0.5:0.5:0.73|LayerDiagonal6@0.5:0.5:0.53|LayerCap18@0.5:0.5:0.5|LayerStagger9@0.5:0.5:0.42
530,Fantasy,8,7,280,560,94,Custom:.....X./...XXXX/XXXXXXX/XXXXXX./XX.XXX./XXXXX.X/XXXXXXX@0:0:1|LayerBlock9@0.5:0.5:0.73|LayerLine12@0.5:0.5:0.53|LayerCross15@0.5:0.5:0.5|LayerCrown15@0.5:0.5:0.42
531,Fantasy,8,7,268,536,94,Custom:..XXX../XXXXXX./.XXXXXX/XXXXXXX/XXXXXXX/XXXXXXX@0:0:1|LayerLine12@0.5:0.5:0.73|LayerStagger9@0.5:0.5:0.53|LayerOffset12@0.5:0.5:0.5|LayerMiniDiamond9@0.5:0.5:0.42
532,Food,8,7,269,538,94,Custom:..XXXX../.XXXX.../XXXXXX.X/XXXXXXX./.XXXXXXX/.XXXXXXX@0:0:1|LayerCorners12@0.5:0.5:0.73|LayerMiniDiamond9@0.5:0.5:0.53|LayerDiamond15@0.5:0.5:0.5|LayerDiagonal6@0.5:0.5:0.42
533,Plant,8,7,269,538,94,Custom:XXXXXX./..XXXXX/X.XXXXX/.XXXXXX/XXXXXXX/XXXXXX.@0:0:1|LayerCrown15@0.5:0.5:0.73|LayerCross15@0.5:0.5:0.53|LayerPillar12@0.5:0.5:0.5|LayerLine12@0.5:0.5:0.42
534,Animal,8,7,269,538,94,Custom:.XX..X./XXXXXX./XXXXXXX/XXXXXXX/XXXXXXX/XX.XXXX@0:0:1|LayerDiamond15@0.5:0.5:0.73|LayerOffset12@0.5:0.5:0.53|LayerStagger9@0.5:0.5:0.5|LayerCap18@0.5:0.5:0.42
535,Sweet,8,7,269,538,94,Custom:XXXX...X/XX....../.XX...XX/.....XXX/.XX.XXXX/XXXXXXXX/XXXXXXXX@0:0:1|LayerCap18@0.5:0.5:0.73|LayerPillar12@0.5:0.5:0.53|LayerCrown15@0.5:0.5:0.5|LayerCross15@0.5:0.5:0.42
536,Bug,8,7,269,538,95,Custom:.X.XX../XXXX.X./.XXX.../XXXXXX./.XXXXXX/.XXXXXX/XXXXXXX@0:0:1|LayerPillar12@0.5:0.5:0.73|LayerDiagonal6@0.5:0.5:0.53|LayerMiniDiamond9@0.5:0.5:0.5|LayerOffset12@0.5:0.5:0.42
537,Vehicle,8,7,270,540,95,Custom:.XX..../XXXX.X./XXX.X../XXXX.../XXXXXXX/XXXXXXX/XXXXXXX@0:0:1|LayerCross15@0.5:0.5:0.73|LayerLine12@0.5:0.5:0.53|LayerDiagonal6@0.5:0.5:0.5|LayerDiamond15@0.5:0.5:0.42
538,Weather,8,7,270,540,95,Custom:X.....XX/XX...XXX/XX.XXXXX/.XX.XXXX/XXX.XXXX/XXXXXXXX@0:0:1|LayerStagger9@0.5:0.5:0.72|LayerStagger9@0.5:0.5:0.53|LayerLine12@0.5:0.5:0.5|LayerPillar12@0.5:0.5:0.42
539,Tool,8,7,270,540,95,Custom:XX.XXX../.XXXXXX./..XXXXX./.XXXXX../XXXXXXX./XXXXXXXX@0:0:1|LayerOffset12@0.5:0.5:0.72|LayerMiniDiamond9@0.5:0.5:0.53|LayerCap18@0.5:0.5:0.5|LayerStagger9@0.5:0.5:0.42
540,Fantasy,8,7,282,564,95,Custom:.XXXXXX/..XXXXX/XXXXXXX/XX.XXXX/XX.XXXX/XX.XXXX@0:0:1|LayerBlock9@0.5:0.5:0.72|LayerCross15@0.5:0.5:0.53|LayerCross15@0.5:0.5:0.5|LayerCrown15@0.5:0.5:0.42
541,Food,8,7,271,542,95,Custom:.XX..XX./XX..XXX./X..XXXX./XXXXXXX./XXXXXXXX/XXXXXXX.@0:0:1|LayerLine12@0.5:0.5:0.72|LayerOffset12@0.5:0.5:0.53|LayerOffset12@0.5:0.5:0.5|LayerMiniDiamond9@0.5:0.5:0.42
542,Plant,8,7,271,542,95,Custom:..XX..../XXXX.XXX/XXXXXXX./XXXXXXXX/..XXXXXX/..XXXXXX@0:0:1|LayerCorners12@0.5:0.5:0.72|LayerPillar12@0.5:0.5:0.53|LayerDiamond15@0.5:0.5:0.5|LayerDiagonal6@0.5:0.5:0.42
543,Animal,8,7,271,542,95,Custom:....X../.XXXXXX/..XXXX./.X.XXXX/.XXXXXX/XXXXXXX/XXXXXXX@0:0:1|LayerCrown15@0.5:0.5:0.72|LayerDiagonal6@0.5:0.5:0.53|LayerPillar12@0.5:0.5:0.5|LayerLine12@0.5:0.5:0.42
544,Sweet,8,7,271,542,96,Custom:.X.....X/.XX...XX/.....X.X/..XX.XXX/.XXXXXXX/XXXXXXXX/XXXXXXXX@0:0:1|LayerDiamond15@0.5:0.5:0.72|LayerLine12@0.5:0.5:0.53|LayerStagger9@0.5:0.5:0.5|LayerCap18@0.5:0.5:0.42
545,Bug,8,7,271,542,96,Custom:..X..XXX/..XXXXXX/...XXXXX/..XXXXXX/.XXXXXXX/XXXXXXXX@0:0:1|LayerCap18@0.5:0.5:0.72|LayerStagger9@0.5:0.5:0.53|LayerCrown15@0.5:0.5:0.5|LayerCross15@0.5:0.5:0.42
546,Vehicle,8,7,272,544,96,Custom:.XXXXX./.XXXXXX/...XXXX/XXXXXXX/XXXXXXX/XXXXXXX@0:0:1|LayerPillar12@0.5:0.5:0.72|LayerMiniDiamond9@0.5:0.5:0.53|LayerMiniDiamond9@0.5:0.5:0.5|LayerOffset12@0.5:0.5:0.42
547,Weather,8,7,272,544,96,Custom:XXX..XX./...XXXX./X..XXXXX/XXXXX.XX/.XXXXXX./XXXXXXXX@0:0:1|LayerCross15@0.5:0.5:0.72|LayerCross15@0.5:0.5:0.53|LayerDiagonal6@0.5:0.5:0.5|LayerDiamond15@0.5:0.5:0.42
548,Tool,8,7,272,544,96,Custom:.XXX..XX/.X.X.XXX/.XXXXXX./.XXXXX../XXXXXXXX/.XXXXXXX@0:0:1|LayerStagger9@0.5:0.5:0.72|LayerOffset12@0.5:0.5:0.53|LayerLine12@0.5:0.5:0.5|LayerPillar12@0.5:0.5:0.42
549,Fantasy,8,7,272,544,96,Custom:..XXXX./..X.XXX/XX.XXXX/XX.XXXX/..XXXXX/.XXXXXX/..XXXXX@0:0:1|LayerOffset12@0.5:0.5:0.72|LayerPillar12@0.5:0.5:0.53|LayerCap18@0.5:0.5:0.5|LayerStagger9@0.5:0.5:0.42
550,Fantasy,8,7,285,570,116,Custom:XXX..XXX/X..XX.X./....XX../....XX../XX..XXXX/XXXXXXXX/XXXXXXXX@0:0:1|LayerBlock9@0.5:0.5:0.72|LayerDiagonal6@0.5:0.5:0.53|LayerCross15@0.5:0.5:0.5|LayerCrown15@0.5:0.5:0.42
551,Plant,8,7,273,546,96,Custom:...X..../..XX..../X.XXX.X./XXXXXXXX/XXXX.XXX/XXXXXXXX/.XXXXX..@0:0:1|LayerLine12@0.5:0.5:0.72|LayerLine12@0.5:0.5:0.53|LayerOffset12@0.5:0.5:0.5|LayerMiniDiamond9@0.5:0.5:0.42
552,Animal,8,7,273,546,97,Custom:.XXX.XX/XXXX.XX/X.XXXXX/.XXXXXX/.XXXXXX/XXXXXXX@0:0:1|LayerCorners12@0.5:0.5:0.72|LayerStagger9@0.5:0.5:0.53|LayerDiamond15@0.5:0.5:0.5|LayerDiagonal6@0.5:0.5:0.42
553,Sweet,8,7,273,546,97,Custom:....XXXX/..XXXXXX/...XXXXX/..XXXXX./XXXXXXXX/XXXXXXXX@0:0:1|LayerCrown15@0.5:0.5:0.72|LayerMiniDiamond9@0.5:0.5:0.53|LayerPillar12@0.5:0.5:0.5|LayerLine12@0.5:0.5:0.42
554,Bug,8,7,273,546,97,Custom:X.XXX.../.XXXXX../X.XXXXXX/XXXXXXXX/XX.XX.X./X.XXXXXX@0:0:1|LayerDiamond15@0.5:0.5:0.72|LayerCross15@0.5:0.5:0.53|LayerStagger9@0.5:0.5:0.5|LayerCap18@0.5:0.5:0.42
555,Vehicle,8,7,274,548,97,Custom:XX...XX/XXXXXXX/.XXXXXX/X.XXXXX/XXXXXXX/XXX.XXX@0:0:1|LayerCap18@0.5:0.5:0.72|LayerOffset12@0.5:0.5:0.53|LayerCrown15@0.5:0.5:0.5|LayerCross15@0.5:0.5:0.42
556,Weather,8,7,274,548,97,Custom:..XX.X.X/..XX..../...XX..X/...XXX../XXXXXXXX/XXXXXXXX/XXXXXXXX@0:0:1|LayerPillar12@0.5:0.5:0.72|LayerPillar12@0.5:0.5:0.53|LayerMiniDiamond9@0.5:0.5:0.5|LayerOffset12@0.5:0.5:0.42
557,Tool,8,7,274,548,97,Custom:.XXXXX.X/..X..X.X/.X..X.../..XXXX../X.XXXX../XXXXXXXX/XXXXXXXX@0:0:1|LayerCross15@0.5:0.5:0.72|LayerDiagonal6@0.5:0.5:0.53|LayerDiagonal6@0.5:0.5:0.5|LayerDiamond15@0.5:0.5:0.42
558,Fantasy,8,7,274,548,97,Custom:X.X..XX/X.X.XXX/XX..XXX/....XXX/X..XXXX/XXXXXXX/XXXXXXX@0:0:1|LayerStagger9@0.5:0.5:0.72|LayerLine12@0.5:0.5:0.53|LayerLine12@0.5:0.5:0.5|LayerPillar12@0.5:0.5:0.42
559,Food,8,7,274,548,97,Custom:.....X../XX.XXXX./XXXXXXX./XXXXXXX./XXXXXXX./XXXXXXXX@0:0:1|LayerOffset12@0.5:0.5:0.72|LayerStagger9@0.5:0.5:0.53|LayerCap18@0.5:0.5:0.5|LayerStagger9@0.5:0.5:0.42
560,Fantasy,8,7,287,574,98,Custom:XXXXXXXX/.XXXXXXX/.XXXXXX./..XXXX../..XXXXX./.XXXXXX.@0:0:1|LayerBlock9@0.5:0.5:0.72|LayerMiniDiamond9@0.5:0.5:0.53|LayerCross15@0.5:0.5:0.5|LayerCrown15@0.5:0.5:0.42
561,Animal,9,7,275,550,98,Custom:.....XX/X.XXXXX/XXXXXXX/XXXXXXX/XXXXXXX/XXXXXXX@0:0:1|LayerLine12@0.5:0.5:0.72|LayerCross15@0.5:0.5:0.53|LayerOffset12@0.5:0.5:0.5|LayerMiniDiamond9@0.5:0.5:0.42
562,Sweet,9,7,275,550,98,Custom:X......./.XXXXX../XXXXXXX./XXX.XXXX/XXXXXXXX/XXXXXXXX@0:0:1|LayerCorners12@0.5:0.5:0.72|LayerOffset12@0.5:0.5:0.53|LayerDiamond15@0.5:0.5:0.5|LayerDiagonal6@0.5:0.5:0.42
563,Bug,9,7,275,550,98,Custom:.X.XXXXX/..XXXX.X/..XX..../.XXXX.../XXXXXX../X..XXXXX/XXXXXXX.@0:0:1|LayerCrown15@0.5:0.5:0.71|LayerPillar12@0.5:0.5:0.53|LayerPillar12@0.5:0.5:0.5|LayerLine12@0.5:0.5:0.42
564,Vehicle,9,7,276,552,98,Custom:XXXX.../X.XX..X/..X...X/X.XXXXX/X.XXXXX/XXXXXXX/XXXXXXX@0:0:1|LayerDiamond15@0.5:0.5:0.71|LayerDiagonal6@0.5:0.5:0.53|LayerStagger9@0.5:0.5:0.5|LayerCap18@0.5:0.5:0.42
565,Weather,9,7,276,552,98,Custom:.X...X../.XX....X/XXXX.X../.XXXXX../.XXXXXX./XX.XXXXX/XXXXXXXX@0:0:1|LayerCap18@0.5:0.5:0.71|LayerLine12@0.5:0.5:0.53|LayerCrown15@0.5:0.5:0.5|LayerCross15@0.5:0.5:0.42
566,Tool,9,7,276,552,98,Custom:....XXX./.X.XXXXX/XXX.XXXX/.XXXXXXX/XX.XXXXX/.X.XXXXX@0:0:1|LayerPillar12@0.5:0.5:0.71|LayerStagger9@0.5:0.5:0.53|LayerMiniDiamond9@0.5:0.5:0.5|LayerOffset12@0.5:0.5:0.42
567,Fantasy,9,7,276,552,98,Custom:XXXXX.X/.XXXXXX/.XXXXXX/.XXXXXX/..XXXXX/XXXXXXX@0:0:1|LayerCross15@0.5:0.5:0.71|LayerMiniDiamond9@0.5:0.5:0.53|LayerDiagonal6@0.5:0.5:0.5|LayerDiamond15@0.5:0.5:0.42
568,Food,9,7,276,552,99,Custom:...XXXXX/...XXXXX/..XXXXXX/..XXXXXX/..XXXXXX/XXXXXXXX@0:0:1|LayerStagger9@0.5:0.5:0.71|LayerCross15@0.5:0.5:0.53|LayerLine12@0.5:0.5:0.5|LayerPillar12@0.5:0.5:0.42
569,Plant,9,7,277,554,99,Custom:X...XX../XX...X../XXXXX..X/XXXXXXXX/XXXXXXXX/XXXXXXXX@0:0:1|LayerOffset12@0.5:0.5:0.71|LayerOffset12@0.5:0.5:0.53|LayerCap18@0.5:0.5:0.5|LayerStagger9@0.5:0.5:0.42
570,Fantasy,9,7,289,578,99,Custom:.XXXXX./.XXXXXX/X.XXX../.X.XX../X..XXXX/XXXXXXX/.XXXXXX@0:0:1|LayerBlock9@0.5:0.5:0.71|LayerPillar12@0.5:0.5:0.53|LayerCross15@0.5:0.5:0.5|LayerCrown15@0.5:0.5:0.42
571,Sweet,9,7,277,554,99,Custom:..XXXXX/XXXXXX./XX.X.../XXXXX.X/.XXX.../XXXXXXX/.XXXXXX@0:0:1|LayerLine12@0.5:0.5:0.71|LayerDiagonal6@0.5:0.5:0.52|LayerOffset12@0.5:0.5:0.5|LayerMiniDiamond9@0.5:0.5:0.42
572,Bug,9,7,277,554,99,Custom:X.X.XX../X..X..X./....XX../...XXXX./XXXXXXX./XXXXXXXX/XXXXXXXX@0:0:1|LayerCorners12@0.5:0.5:0.71|LayerLine12@0.5:0.5:0.52|LayerDiamond15@0.5:0.5:0.5|LayerDiagonal6@0.5:0.5:0.42
573,Vehicle,9,7,278,556,99,Custom:XXXXXXX/XXX.XXX/.XXXXX./..XXXX./XXXXXXX/XXXXXXX@0:0:1|LayerCrown15@0.5:0.5:0.71|LayerStagger9@0.5:0.5:0.52|LayerPillar12@0.5:0.5:0.5|LayerLine12@0.5:0.5:0.42
574,Weather,9,7,278,556,99,Custom:XXXXXXXX/..XXXX../..XXXXXX/..XXXX.X/.XXXXXXX/.XXXXXX.@0:0:1|LayerDiamond15@0.5:0.5:0.71|LayerMiniDiamond9@0.5:0.5:0.52|LayerStagger9@0.5:0.5:0.5|LayerCap18@0.5:0.5:0.42
575,Tool,9,7,278,556,119,Custom:...XXXX./XXXXXXX./.XX.XXX./XXXX.XX./XXXXXX.X/XXXXXXX.@0:0:1|LayerCap18@0.5:0.5:0.71|LayerCross15@0.5:0.5:0.52|LayerCrown15@0.5:0.5:0.5|LayerCross15@0.5:0.5:0.42
576,Fantasy,9,7,278,556,100,Custom:XX.XXXX/XX..XXX/.X..XXX/XXXXXXX/XXXXXXX/XXXXXXX@0:0:1|LayerPillar12@0.5:0.5:0.71|LayerOffset12@0.5:0.5:0.52|LayerMiniDiamond9@0.5:0.5:0.5|LayerOffset12@0.5:0.5:0.42
577,Food,9,7,278,556,100,Custom:.XX...X./XXX.X.../XXX..X../XXXXXX../X..XXXXX/.XXXXXXX/.XXXXXX.@0:0:1|LayerCross15@0.5:0.5:0.71|LayerPillar12@0.5:0.5:0.52|LayerDiagonal6@0.5:0.5:0.5|LayerDiamond15@0.5:0.5:0.42
578,Plant,9,7,279,558,100,Custom:....XX../.XXX..../.XXX.X../XXXX.XXX/XX.XX.XX/.XXXXXX./XXXXXXXX@0:0:1|LayerStagger9@0.5:0.5:0.71|LayerDiagonal6@0.5:0.5:0.52|LayerLine12@0.5:0.5:0.5|LayerPillar12@0.5:0.5:0.42
579,Animal,9,7,279,558,100,Custom:.XXX..X/.X..XX./....XX./XXXXXXX/.XXXXXX/XXXXXXX/XXXXXXX@0:0:1|LayerOffset12@0.5:0.5:0.71|LayerLine12@0.5:0.5:0.52|LayerCap18@0.5:0.5:0.5|LayerStagger9@0.5:0.5:0.42
580,Fantasy,9,7,291,582,100,Custom:.XXXXXXX/....X.XX/X...XX.X/XX.XXXXX/X.XXXXXX/XXXXXXXX@0:0:1|LayerBlock9@0.5:0.5:0.71|LayerStagger9@0.5:0.5:0.52|LayerCross15@0.5:0.5:0.5|LayerCrown15@0.5:0.5:0.42
581,Bug,9,7,279,558,100,Custom:.X.X..../XXXXXX.X/XXXXXX../XXXXXXXX/XXXXXXXX/.XXXXX..@0:0:1|LayerLine12@0.5:0.5:0.71|LayerMiniDiamond9@0.5:0.5:0.52|LayerOffset12@0.5:0.5:0.5|LayerMiniDiamond9@0.5:0.5:0.42
582,Vehicle,9,7,280,560,100,Custom:XX...X./XXX.XXX/XXX.XXX/XXXXXXX/XXXXXXX/XXXXXXX@0:0:1|LayerCorners12@0.5:0.5:0.71|LayerCross15@0.5:0.5:0.52|LayerDiamond15@0.5:0.5:0.5|LayerDiagonal6@0.5:0.5:0.42
583,Weather,9,7,280,560,100,Custom:..X.XXX/X..XXXX/X.XXXXX/XXXXXXX/XXXXXXX/XXXXXXX@0:0:1|LayerCrown15@0.5:0.5:0.71|LayerOffset12@0.5:0.5:0.52|LayerPillar12@0.5:0.5:0.5|LayerLine12@0.5:0.5:0.42
584,Tool,9,7,280,560,101,Custom:XXXXXX../XX....X./XXX...../.X....X./XXXXXX../XXXXXXXX/XXXXXXXX@0:0:1|LayerDiamond15@0.5:0.5:0.71|LayerPillar12@0.5:0.5:0.52|LayerStagger9@0.5:0.5:0.5|LayerCap18@0.5:0.5:0.42
585,Fantasy,9,7,280,560,101,Custom:...X.XX/..XXXXX/X.XXXXX/.XXXXX./..XXXXX/.XXXXXX/XXXXXX.@0:0:1|LayerCap18@0.5:0.5:0.71|LayerDiagonal6@0.5:0.5:0.52|LayerCrown15@0.5:0.5:0.5|LayerCross15@0.5:0.5:0.42
586,Food,9,7,280,560,101,Custom:....XX./..XXXXX/.X.XXXX/..XXXXX/.XXXXXX/.XXXXXX/XXXXXXX@0:0:1|LayerPillar12@0.5:0.5:0.71|LayerLine12@0.5:0.5:0.52|LayerMiniDiamond9@0.5:0.5:0.5|LayerOffset12@0.5:0.5:0.42
587,Plant,9,7,281,562,101,Custom:..XXXX./..XXXXX/XXXXX.X/XXXXXXX/XXXXXXX/XXXXXXX@0:0:1|LayerCross15@0.5:0.5:0.71|LayerStagger9@0.5:0.5:0.52|LayerDiagonal6@0.5:0.5:0.5|LayerDiamond15@0.5:0.5:0.42
588,Animal,9,7,281,562,101,Custom:.X..XX./XXXXXXX/XXXXXXX/XXXXXXX/XXXXXX./.XXXXXX@0:0:1|LayerStagger9@0.5:0.5:0.70|LayerMiniDiamond9@0.5:0.5:0.52|LayerLine12@0.5:0.5:0.5|LayerPillar12@0.5:0.5:0.42
589,Sweet,9,7,281,562,101,Custom:X....../XXXXXXX/XXXXXXX/XXXXXXX/XXXXXXX/XXXXXXX@0:0:1|LayerOffset12@0.5:0.5:0.70|LayerCross15@0.5:0.5:0.52|LayerCap18@0.5:0.5:0.5|LayerStagger9@0.5:0.5:0.42
590,Fantasy,9,7,293,586,101,Custom:XX..XX../.XXXXXX./XXX.XX.X/X.X.XX.X/XXXXXXX./XXXXXXXX@0:0:1|LayerBlock9@0.5:0.5:0.70|LayerOffset12@0.5:0.5:0.52|LayerCross15@0.5:0.5:0.5|LayerCrown15@0.5:0.5:0.42
591,Vehicle,9,7,282,564,101,Custom:X..X..X/...XXX./...XXXX/X.XXXXX/XXXXXXX/.XXXXXX/XXXXXXX@0:0:1|LayerLine12@0.5:0.5:0.70|LayerPillar12@0.5:0.5:0.52|LayerOffset12@0.5:0.5:0.5|LayerMiniDiamond9@0.5:0.5:0.42
592,Weather,9,7,282,564,102,Custom:.XXXXXX/..X.XXX/..X.XXX/X.XX..X/..XXXXX/.XXXXXX/XXXXXXX@0:0:1|LayerCorners12@0.5:0.5:0.70|LayerDiagonal6@0.5:0.5:0.52|LayerDiamond15@0.5:0.5:0.5|LayerDiagonal6@0.5:0.5:0.42
593,Tool,9,7,282,564,102,Custom:...X..X./......X./..X..XXX/.XXXXXXX/..XXXXXX/XXXXXXXX/XXXXXXXX@0:0:1|LayerCrown15@0.5:0.5:0.70|LayerLine12@0.5:0.5:0.52|LayerPillar12@0.5:0.5:0.5|LayerLine12@0.5:0.5:0.42
594,Fantasy,9,7,282,564,102,Custom:X.X.XX./..XXXXX/X.XXXXX/XXXXXXX/XXXXXXX/XXXXXXX@0:0:1|LayerDiamond15@0.5:0.5:0.70|LayerStagger9@0.5:0.5:0.52|LayerStagger9@0.5:0.5:0.5|LayerCap18@0.5:0.5:0.42
595,Food,9,7,282,564,102,Custom:XX.XX../XXXXXX./XXXXXXX/XXXXXXX/.XXXXXX/XXXXXX.@0:0:1|LayerCap18@0.5:0.5:0.70|LayerMiniDiamond9@0.5:0.5:0.52|LayerCrown15@0.5:0.5:0.5|LayerCross15@0.5:0.5:0.42
596,Plant,9,7,283,566,102,Custom:....XXX./.XXXXXXX/XXXXXXXX/..X.XXXX/..XXXXX./XXXXXXXX@0:0:1|LayerPillar12@0.5:0.5:0.70|LayerCross15@0.5:0.5:0.52|LayerMiniDiamond9@0.5:0.5:0.5|LayerOffset12@0.5:0.5:0.42
597,Animal,9,7,283,566,102,Custom:.X.XXX./XXXXX.X/XXXXXXX/XXXXXXX/XXXXXXX/XXXXX..@0:0:1|LayerCross15@0.5:0.5:0.70|LayerOffset12@0.5:0.5:0.52|LayerDiagonal6@0.5:0.5:0.5|LayerDiamond15@0.5:0.5:0.42
598,Sweet,9,7,283,566,102,Custom:.X....X/X..XXXX/XX..XXX/X.XXXXX/X.XXXXX/..XXXXX/XXXXXXX@0:0:1|LayerStagger9@0.5:0.5:0.70|LayerPillar12@0.5:0.5:0.52|LayerLine12@0.5:0.5:0.5|LayerPillar12@0.5:0.5:0.42
599,Bug,9,7,283,566,102,Custom:XX....../X..XXXX./....XXXX/...XXXXX/...XXXXX/XXXXXXX./XXXXXXXX@0:0:1|LayerOffset12@0.5:0.5:0.70|LayerDiagonal6@0.5:0.5:0.52|LayerCap18@0.5:0.5:0.5|LayerStagger9@0.5:0.5:0.42
600,Fantasy,9,7,296,592,123,PrettyCrown33@0:0:1|LayerBlock9@0.5:0.5:0.70|LayerLine12@0.5:0.5:0.52|LayerCross15@0.5:0.5:0.5|LayerCrown15@0.5:0.5:0.42
601,Weather,9,7,284,568,103,Custom:X..X.X./XXX.XXX/XXXXXXX/XXXXXXX/XXXXXXX/XXXXXX.@0:0:1|LayerLine12@0.5:0.5:0.70|LayerStagger9@0.5:0.5:0.52|LayerOffset12@0.5:0.5:0.5|LayerMiniDiamond9@0.5:0.5:0.42
602,Tool,9,7,284,568,103,Custom:.XXX.XXX/X.X..X.X/XX.X.X.X/X.XXXX../XXXXXXXX/XXXXXXXX@0:0:1|LayerCorners12@0.5:0.5:0.70|LayerMiniDiamond9@0.5:0.5:0.52|LayerDiamond15@0.5:0.5:0.5|LayerDiagonal6@0.5:0.5:0.42
603,Fantasy,9,7,284,568,103,Custom:X.XXXXX/XX.XXXX/XXXXXXX/.XXXXXX/X..XXXX/X.XXXXX@0:0:1|LayerCrown15@0.5:0.5:0.70|LayerCross15@0.5:0.5:0.52|LayerPillar12@0.5:0.5:0.5|LayerLine12@0.5:0.5:0.42
604,Food,9,7,284,568,103,Custom:..X.XX./.XXX.XX/.XXXXXX/..XXX.X/XXXXXX./XXXXX../XXXXXXX@0:0:1|LayerDiamond15@0.5:0.5:0.70|LayerOffset12@0.5:0.5:0.52|LayerStagger9@0.5:0.5:0.5|LayerCap18@0.5:0.5:0.42
605,Plant,9,7,285,570,103,Custom:X...XX../..XXXX../..XXXXXX/XXXXXXX./XXXXXX../XX.XXX../X.XXXX..@0:0:1|LayerCap18@0.5:0.5:0.70|LayerPillar12@0.5:0.5:0.52|LayerCrown15@0.5:0.5:0.5|LayerCross15@0.5:0.5:0.42
606,Animal,9,7,285,570,103,Custom:XXX..XX/XXXX.XX/XXX..XX/.X.XXXX/..XXXXX/..XXXXX/..XXXXX@0:0:1|LayerPillar12@0.5:0.5:0.70|LayerDiagonal6@0.5:0.5:0.52|LayerMiniDiamond9@0.5:0.5:0.5|LayerOffset12@0.5:0.5:0.42
607,Sweet,9,7,285,570,103,Custom:XXX..XX/...XX../..XXXXX/.X.X.XX/XXXXXXX/XXXXXXX/XXXXXX.@0:0:1|LayerCross15@0.5:0.5:0.70|LayerLine12@0.5:0.5:0.52|LayerDiagonal6@0.5:0.5:0.5|LayerDiamond15@0.5:0.5:0.42
608,Bug,9,7,285,570,104,Custom:XX.....X/XX..X.XX/..XXXX.X/X.XXXXXX/XXXXXXXX/XXXXXXXX@0:0:1|LayerStagger9@0.5:0.5:0.70|LayerStagger9@0.5:0.5:0.52|LayerLine12@0.5:0.5:0.5|LayerPillar12@0.5:0.5:0.42
609,Vehicle,9,7,285,570,104,Custom:XXXXXX./XXXXX../.XXXXXX/.XXX.XX/XXXXXXX/XXXXXXX@0:0:1|LayerOffset12@0.5:0.5:0.70|LayerMiniDiamond9@0.5:0.5:0.52|LayerCap18@0.5:0.5:0.5|LayerStagger9@0.5:0.5:0.42
610,Fantasy,9,7,298,596,104,Custom:XXX.X../X..XXX./XXXXXXX/XXXXXXX/XXXXXXX/XXXXXXX@0:0:1|LayerBlock9@0.5:0.5:0.70|LayerCross15@0.5:0.5:0.52|LayerCross15@0.5:0.5:0.5|LayerCrown15@0.5:0.5:0.42
611,Tool,9,7,286,572,104,Custom:..XXX.../XXX...../XXXX..../.X.XX.../XXXXXX.X/XXXXXXXX/XXXXXXXX@0:0:1|LayerLine12@0.5:0.5:0.70|LayerOffset12@0.5:0.5:0.52|LayerOffset12@0.5:0.5:0.5|LayerMiniDiamond9@0.5:0.5:0.42
612,Fantasy,9,7,286,572,104,Custom:XX...../XXXXX../..XXX.X/..XXXXX/XXXXXXX/XXXXXXX/XXXXXX.@0:0:1|LayerCorners12@0.5:0.5:0.70|LayerPillar12@0.5:0.5:0.52|LayerDiamond15@0.5:0.5:0.5|LayerDiagonal6@0.5:0.5:0.42
613,Food,9,7,286,572,104,Custom:..X.X.X/XX...X./XX...X./XX.XXXX/XXXXXXX/XXXXXXX/XXXXXXX@0:0:1|LayerCrown15@0.5:0.5:0.69|LayerDiagonal6@0.5:0.5:0.52|LayerPillar12@0.5:0.5:0.5|LayerLine12@0.5:0.5:0.42
614,Plant,9,7,287,574,104,Custom:XX.X.X../XXXXXX../..XX.X../...XXXX./.XXXXXX./.XXXXX.X/XXXXXX.X@0:0:1|LayerDiamond15@0.5:0.5:0.69|LayerLine12@0.5:0.5:0.52|LayerStagger9@0.5:0.5:0.5|LayerCap18@0.5:0.5:0.42
615,Animal,9,7,287,574,104,Custom:X..XX.X/XXX.XXX/.XXXXX./XXXXXXX/XXXXXXX/XXXXXXX@0:0:1|LayerCap18@0.5:0.5:0.69|LayerStagger9@0.5:0.5:0.52|LayerCrown15@0.5:0.5:0.5|LayerCross15@0.5:0.5:0.42
616,Sweet,9,7,287,574,105,Custom:.X..XXX/...XXXX/XXXXXXX/XXXXXXX/XXXXXXX/XXXXXXX@0:0:1|LayerPillar12@0.5:0.5:0.69|LayerMiniDiamond9@0.5:0.5:0.52|LayerMiniDiamond9@0.5:0.5:0.5|LayerOffset12@0.5:0.5:0.42
617,Bug,9,7,287,574,105,Custom:XX..X..X/..X.XXXX/...XXXXX/X.X.XXXX/XXXXXXXX/XXXXXXXX@0:0:1|LayerCross15@0.5:0.5:0.69|LayerCross15@0.5:0.5:0.52|LayerDiagonal6@0.5:0.5:0.5|LayerDiamond15@0.5:0.5:0.42
618,Vehicle,9,7,287,574,105,Custom:.XXXX.X/X...XXX/XX.XXXX/...XXX./.XXXXXX/.XXXXXX/.XXXXXX@0:0:1|LayerStagger9@0.5:0.5:0.69|LayerOffset12@0.5:0.5:0.52|LayerLine12@0.5:0.5:0.5|LayerPillar12@0.5:0.5:0.42
619,Weather,9,7,288,576,105,Custom:.X...../XX...XX/.XXXXXX/XXXXXXX/XXXXXX./XXXXXXX/XXX..XX@0:0:1|LayerOffset12@0.5:0.5:0.69|LayerPillar12@0.5:0.5:0.52|LayerCap18@0.5:0.5:0.5|LayerStagger9@0.5:0.5:0.42
620,Fantasy,9,7,300,600,105,Custom:..XXXXX./..XXXX../...XXX../...XXXX./..XXXXXX/XXXXXXXX/.XXXXXX.@0:0:1|LayerBlock9@0.5:0.5:0.69|LayerDiagonal6@0.5:0.5:0.52|LayerCross15@0.5:0.5:0.5|LayerCrown15@0.5:0.5:0.42
621,Fantasy,9,7,288,576,105,Custom:..XXXXX/..XXXX./XXXXXXX/.XXXXXX/XXXXXXX/XXXXXXX@0:0:1|LayerLine12@0.5:0.5:0.69|LayerLine12@0.5:0.5:0.52|LayerOffset12@0.5:0.5:0.5|LayerMiniDiamond9@0.5:0.5:0.42
622,Food,9,7,288,576,105,Custom:.XXXXXX/XXX.XXX/XX.XXXX/XXX.XXX/XX..XXX/XXXXXXX@0:0:1|LayerCorners12@0.5:0.5:0.69|LayerStagger9@0.5:0.5:0.52|LayerDiamond15@0.5:0.5:0.5|LayerDiagonal6@0.5:0.5:0.42
623,Plant,9,7,289,578,105,Custom:X.XXXXXX/.XX....X/.X.XXXXX/.XXXXXX./.XXXXXXX/XXXXX.XX@0:0:1|LayerCrown15@0.5:0.5:0.69|LayerMiniDiamond9@0.5:0.5:0.52|LayerPillar12@0.5:0.5:0.5|LayerLine12@0.5:0.5:0.42
624,Animal,9,7,289,578,106,Custom:XXX..XX/XXX..XX/XXXXXXX/XX..XXX/XXXXXXX/XXXXXXX@0:0:1|LayerDiamond15@0.5:0.5:0.69|LayerCross15@0.5:0.5:0.52|LayerStagger9@0.5:0.5:0.5|LayerCap18@0.5:0.5:0.42
625,Sweet,9,7,289,578,126,Custom:X..XXXX/...XXXX/XXXXXXX/..XXXX./.XXXXX./.XXXXXX/..XXXXX@0:0:1|LayerCap18@0.5:0.5:0.69|LayerOffset12@0.5:0.5:0.52|LayerCrown15@0.5:0.5:0.5|LayerCross15@0.5:0.5:0.42
626,Bug,9,7,289,578,106,Custom:XXXX..XX/XXXX..X./X..XXX../...XX.../...XXX../XXXXXXXX/XXXXXXXX@0:0:1|LayerPillar12@0.5:0.5:0.69|LayerPillar12@0.5:0.5:0.52|LayerMiniDiamond9@0.5:0.5:0.5|LayerOffset12@0.5:0.5:0.42
627,Vehicle,9,7,289,578,106,Custom:..X...X/..XXXXX/..XXXXX/..XXXX./.XXXXXX/XXXXXXX/XXXXXXX@0:0:1|LayerCross15@0.5:0.5:0.69|LayerDiagonal6@0.5:0.5:0.52|LayerDiagonal6@0.5:0.5:0.5|LayerDiamond15@0.5:0.5:0.42
628,Weather,9,7,290,580,106,Custom:..X.X.X/...XX../..X.XXX/XXXXXXX/.XXXXXX/XXXXXXX/XXXXXXX@0:0:1|LayerStagger9@0.5:0.5:0.69|LayerLine12@0.5:0.5:0.52|LayerLine12@0.5:0.5:0.5|LayerPillar12@0.5:0.5:0.42
629,Tool,9,7,290,580,106,Custom:XX...X../XXXXXX.X/XXXXX.../XXXXXX../XXX.XXXX/XXXXXXXX@0:0:1|LayerOffset12@0.5:0.5:0.69|LayerStagger9@0.5:0.5:0.52|LayerCap18@0.5:0.5:0.5|LayerStagger9@0.5:0.5:0.42
630,Fantasy,9,7,302,604,106,Custom:.X....XX/XXX..XXX/X.X..XXX/XXX.XXXX/XXXX.XXX/XXXXXXXX@0:0:1|LayerBlock9@0.5:0.5:0.69|LayerMiniDiamond9@0.5:0.5:0.52|LayerCross15@0.5:0.5:0.5|LayerCrown15@0.5:0.5:0.42
631,Food,9,7,290,580,106,Custom:XXX.XXX/XXXXXXX/.XXXXXX/.XXXXXX/.XXXXXX/..XXXXX@0:0:1|LayerLine12@0.5:0.5:0.69|LayerCross15@0.5:0.5:0.51|LayerOffset12@0.5:0.5:0.5|LayerMiniDiamond9@0.5:0.5:0.42
632,Plant,9,7,291,582,107,Custom:.....X.X/.X...XXX/XX...X../XX..XXX./.XXXXXX./XXXXXXXX/XXXXXXXX@0:0:1|LayerCorners12@0.5:0.5:0.69|LayerOffset12@0.5:0.5:0.51|LayerDiamond15@0.5:0.5:0.5|LayerDiagonal6@0.5:0.5:0.42
633,Animal,9,7,291,582,107,Custom:XXX...X./XXX...../X...XX../X..XX..X/XXXXXX../XXXXXXXX/XXXXXXXX@0:0:1|LayerCrown15@0.5:0.5:0.69|LayerPillar12@0.5:0.5:0.51|LayerPillar12@0.5:0.5:0.5|LayerLine12@0.5:0.5:0.42
634,Sweet,9,7,291,582,107,Custom:.X..X../XX..XX./..XXXX./XXXXXXX/XXXXXX./.XXXXXX/XXXXXXX@0:0:1|LayerDiamond15@0.5:0.5:0.69|LayerDiagonal6@0.5:0.5:0.51|LayerStagger9@0.5:0.5:0.5|LayerCap18@0.5:0.5:0.42
635,Bug,9,7,291,582,107,Custom:.....X.X/....XXX./X....XXX/....X.XX/XXXXXXXX/XXXXXXXX/XXXXXXXX@0:0:1|LayerCap18@0.5:0.5:0.69|LayerLine12@0.5:0.5:0.51|LayerCrown15@0.5:0.5:0.5|LayerCross15@0.5:0.5:0.42
636,Vehicle,9,7,291,582,107,Custom:XXX...X./XXXX..XX/XXXX...X/XXXXX.X./XXXXXXX./XXXXXXXX@0:0:1|LayerPillar12@0.5:0.5:0.69|LayerStagger9@0.5:0.5:0.51|LayerMiniDiamond9@0.5:0.5:0.5|LayerOffset12@0.5:0.5:0.42
637,Weather,9,7,292,584,107,Custom:.XXXXX./..XXX.X/X.XXXXX/XXXXXXX/XXXXXXX/XXXXXXX@0:0:1|LayerCross15@0.5:0.5:0.69|LayerMiniDiamond9@0.5:0.5:0.51|LayerDiagonal6@0.5:0.5:0.5|LayerDiamond15@0.5:0.5:0.42
638,Tool,9,7,292,584,107,Custom:....X.XX/.X....XX/.XXXXXXX/XXXXXXXX/.XXXXXXX/XXXXXXXX@0:0:1|LayerStagger9@0.5:0.5:0.68|LayerCross15@0.5:0.5:0.51|LayerLine12@0.5:0.5:0.5|LayerPillar12@0.5:0.5:0.42
639,Fantasy,9,7,292,584,107,Custom:XXXXXX../XX.XXX../XXX.XXXX/..X.XX../XXXX.XX./X..XXXX./..X.XXX.@0:0:1|LayerOffset12@0.5:0.5:0.68|LayerOffset12@0.5:0.5:0.51|LayerCap18@0.5:0.5:0.5|LayerStagger9@0.5:0.5:0.42
640,Fantasy,9,7,304,608,108,Custom:....X../....XXX/..X.XXX/XXXXXXX/XXXXXXX/XXXXXXX/XXXXXXX@0:0:1|LayerBlock9@0.5:0.5:0.68|LayerPillar12@0.5:0.5:0.51|LayerCross15@0.5:0.5:0.5|LayerCrown15@0.5:0.5:0.42
641,Plant,9,7,293,586,108,Custom:.X...X../..X.X.X./XX..XXX./...XXXX./XXXXXXX./XXXXXXXX/.XXXXXXX@0:0:1|LayerLine12@0.5:0.5:0.68|LayerDiagonal6@0.5:0.5:0.51|LayerOffset12@0.5:0.5:0.5|LayerMiniDiamond9@0.5:0.5:0.42
642,Animal,9,7,293,586,108,Custom:.X.XX.X./.X.XXXX./XX..XXXX/...XXXXX/X...XXXX/X.XXXX.X/XXXXX...@0:0:1|LayerCorners12@0.5:0.5:0.68|LayerLine12@0.5:0.5:0.51|LayerDiamond15@0.5:0.5:0.5|LayerDiagonal6@0.5:0.5:0.42
643,Sweet,9,7,293,586,108,Custom:XX.X.../XXXXX../XXXXXXX/XXXXXXX/XXXXXXX/XXXXXXX@0:0:1|LayerCrown15@0.5:0.5:0.68|LayerStagger9@0.5:0.5:0.51|LayerPillar12@0.5:0.5:0.5|LayerLine12@0.5:0.5:0.42
644,Bug,9,7,293,586,108,Custom:..X..X../..XXXXXX/..XXXXXX/X.XXXXXX/.XXXXXXX/XXXXXXXX@0:0:1|LayerDiamond15@0.5:0.5:0.68|LayerMiniDiamond9@0.5:0.5:0.51|LayerStagger9@0.5:0.5:0.5|LayerCap18@0.5:0.5:0.42
645,Vehicle,9,7,293,586,108,Custom:..X...../XXXXXXX./XXXXXXX./X.XXXXX./XXXXXXXX/.XXXXXXX@0:0:1|LayerCap18@0.5:0.5:0.68|LayerCross15@0.5:0.5:0.51|LayerCrown15@0.5:0.5:0.5|LayerCross15@0.5:0.5:0.42
646,Weather,9,7,294,588,108,Custom:.X..XXX/XXXXX.X/.XX..XX/XXXX.X./.XXX.XX/X.XXXXX/.XXXXXX@0:0:1|LayerPillar12@0.5:0.5:0.68|LayerOffset12@0.5:0.5:0.51|LayerMiniDiamond9@0.5:0.5:0.5|LayerOffset12@0.5:0.5:0.42
647,Tool,9,7,294,588,108,Custom:....XXXX/..XXXXXX/..X.X.XX/...XX.../.XXXXXX./XX..XXXX/XXXXXXXX@0:0:1|LayerCross15@0.5:0.5:0.68|LayerPillar12@0.5:0.5:0.51|LayerDiagonal6@0.5:0.5:0.5|LayerDiamond15@0.5:0.5:0.42
648,Fantasy,9,7,294,588,109,Custom:.XXXXXXX/.XXXXXX./XXXXXXXX/X...XX../...XX.../...XXXX./X..XXXXX@0:0:1|LayerStagger9@0.5:0.5:0.68|LayerDiagonal6@0.5:0.5:0.51|LayerLine12@0.5:0.5:0.5|LayerPillar12@0.5:0.5:0.42
649,Food,9,7,294,588,109,Custom:...XXXX/.XXXXXX/..XXX.X/.XXXX../X..XXXX/.XXXXXX/XXXXXXX@0:0:1|LayerOffset12@0.5:0.5:0.68|LayerLine12@0.5:0.5:0.51|LayerCap18@0.5:0.5:0.5|LayerStagger9@0.5:0.5:0.42
650,Fantasy,9,7,307,614,129,Custom:..X.X.XX/.X..XXX./...XXXX./XXXXXXXX/XXXXXXXX/XXXXXXXX@0:0:1|LayerBlock9@0.5:0.5:0.68|LayerStagger9@0.5:0.5:0.51|LayerCross15@0.5:0.5:0.5|LayerCrown15@0.5:0.5:0.42
651,Animal,9,7,295,590,109,Custom:XXXXXXX./.XXX.X../.XXX.XX./.XX.XXX./XXXXXXX./XXXXXXXX@0:0:1|LayerLine12@0.5:0.5:0.68|LayerMiniDiamond9@0.5:0.5:0.51|LayerOffset12@0.5:0.5:0.5|LayerMiniDiamond9@0.5:0.5:0.42
652,Sweet,9,7,295,590,109,Custom:..XXXXX/X.X.XXX/XX.XXXX/XXXXXX./XXXXXXX/XXXXXXX@0:0:1|LayerCorners12@0.5:0.5:0.68|LayerCross15@0.5:0.5:0.51|LayerDiamond15@0.5:0.5:0.5|LayerDiagonal6@0.5:0.5:0.42
653,Bug,9,7,295,590,109,Custom:..XXX../..XXXXX/.XXXXXX/..XX.XX/XXX.XXX/.XXXXX./XXXXXXX@0:0:1|LayerCrown15@0.5:0.5:0.68|LayerOffset12@0.5:0.5:0.51|LayerPillar12@0.5:0.5:0.5|LayerLine12@0.5:0.5:0.42
654,Vehicle,9,7,295,590,109,Custom:.X....../...XXX../.XXXXX../.XXXXXXX/.XXXXXX./XXXXXXX./XXXXXXX.@0:0:1|LayerDiamond15@0.5:0.5:0.68|LayerPillar12@0.5:0.5:0.51|LayerStagger9@0.5:0.5:0.5|LayerCap18@0.5:0.5:0.42
655,Weather,9,7,296,592,109,Custom:.XXXXX./.XXX.../XXXXX../.XXXXX./XXXXXXX/XXXX.XX/XXXXX..@0:0:1|LayerCap18@0.5:0.5:0.68|LayerDiagonal6@0.5:0.5:0.51|LayerCrown15@0.5:0.5:0.5|LayerCross15@0.5:0.5:0.42
656,Tool,9,7,296,592,110,Custom:XX....../.XX..XX./X.XX..../.XXXXXXX/.XXXXXXX/XXX..XX./XXXXXXXX@0:0:1|LayerPillar12@0.5:0.5:0.68|LayerLine12@0.5:0.5:0.51|LayerMiniDiamond9@0.5:0.5:0.5|LayerOffset12@0.5:0.5:0.42
657,Fantasy,9,7,296,592,110,Custom:..XXXXX./.XXXXX.X/.XXXXXX./.XXXX.../.XXXXXXX/XXXXXXXX@0:0:1|LayerCross15@0.5:0.5:0.68|LayerStagger9@0.5:0.5:0.51|LayerDiagonal6@0.5:0.5:0.5|LayerDiamond15@0.5:0.5:0.42
658,Food,9,7,296,592,110,Custom:.XX...X/.XXX.XX/XXXXXXX/XXXXXXX/XXXXXXX/XXXXXXX@0:0:1|LayerStagger9@0.5:0.5:0.68|LayerMiniDiamond9@0.5:0.5:0.51|LayerLine12@0.5:0.5:0.5|LayerPillar12@0.5:0.5:0.42
659,Plant,9,7,296,592,110,Custom:..XXX.../.XXXXX../XXXXXX../XXXXXXX./XXXXXXX./XXXXXXXX@0:0:1|LayerOffset12@0.5:0.5:0.68|LayerCross15@0.5:0.5:0.51|LayerCap18@0.5:0.5:0.5|LayerStagger9@0.5:0.5:0.42
660,Fantasy,9,7,309,618,110,Custom:.....XX./...X.XXX/.X..XXXX/.XXXXXX./.XXXXXX./.XXXXXX./XXXXX.XX@0:0:1|LayerBlock9@0.5:0.5:0.68|LayerOffset12@0.5:0.5:0.51|LayerCross15@0.5:0.5:0.5|LayerCrown15@0.5:0.5:0.42
661,Sweet,9,7,297,594,110,Custom:X...XXX/.....XX/X.XXX.X/.X.XXXX/XXXXXXX/XXXXXXX/XXXXXX.@0:0:1|LayerLine12@0.5:0.5:0.68|LayerPillar12@0.5:0.5:0.51|LayerOffset12@0.5:0.5:0.5|LayerMiniDiamond9@0.5:0.5:0.42
662,Bug,9,7,297,594,110,Custom:....XX./.XXXXXX/.XX.XX./XX..XX./.XXXXXX/XXXXXXX/XXXXXXX@0:0:1|LayerCorners12@0.5:0.5:0.68|LayerDiagonal6@0.5:0.5:0.51|LayerDiamond15@0.5:0.5:0.5|LayerDiagonal6@0.5:0.5:0.42
663,Vehicle,9,7,297,594,110,Custom:..X..X.X/...XXXX./...XXXX./...XXXXX/..XXXXXX/.XXXXXXX/XXXXXXX.@0:0:1|LayerCrown15@0.5:0.5:0.67|LayerLine12@0.5:0.5:0.51|LayerPillar12@0.5:0.5:0.5|LayerLine12@0.5:0.5:0.42
664,Weather,9,7,298,596,111,Custom:XX.XXXX/XXX.XXX/XXX.XXX/.XXX.XX/.XXXXXX/XXXXXXX@0:0:1|LayerDiamond15@0.5:0.5:0.67|LayerStagger9@0.5:0.5:0.51|LayerStagger9@0.5:0.5:0.5|LayerCap18@0.5:0.5:0.42
665,Tool,9,7,298,596,111,Custom:.X.XXX../X.XXXX../XXXX.XX./XXXXXX../XXXXXXXX/XXXXXXX.@0:0:1|LayerCap18@0.5:0.5:0.67|LayerMiniDiamond9@0.5:0.5:0.51|LayerCrown15@0.5:0.5:0.5|LayerCross15@0.5:0.5:0.42
666,Fantasy,9,7,298,596,111,Custom:...XXX../.XXXXXX./X.XXXXX./XXXXXXXX/.XXXXXX./.XXXXXXX@0:0:1|LayerPillar12@0.5:0.5:0.67|LayerCross15@0.5:0.5:0.51|LayerMiniDiamond9@0.5:0.5:0.5|LayerOffset12@0.5:0.5:0.42
667,Food,9,7,298,596,111,Custom:..XXXX./...XXX./.XXX.XX/XXXXXX./.XXXXX./XXXXXXX/XXXXXX.@0:0:1|LayerCross15@0.5:0.5:0.67|LayerOffset12@0.5:0.5:0.51|LayerDiagonal6@0.5:0.5:0.5|LayerDiamond15@0.5:0.5:0.42
668,Plant,9,7,298,596,111,Custom:....XXX./.X..XXXX/...X.XX./.X..XX../.XXXXXXX/.XXXXXXX/XXXXXXXX@0:0:1|LayerStagger9@0.5:0.5:0.67|LayerPillar12@0.5:0.5:0.51|LayerLine12@0.5:0.5:0.5|LayerPillar12@0.5:0.5:0.42
669,Animal,9,7,299,598,111,Custom:XXX...XX/XX.....X/XX..X.../..X.XX../XX.XX.XX/XXXXXXXX/XXXXXXXX@0:0:1|LayerOffset12@0.5:0.5:0.67|LayerDiagonal6@0.5:0.5:0.51|LayerCap18@0.5:0.5:0.5|LayerStagger9@0.5:0.5:0.42
670,Fantasy,9,7,311,622,111,Custom:.....XX/X...XXX/....XXX/.XXXXXX/XXXXXXX/XXXXXXX/XXXXXXX@0:0:1|LayerBlock9@0.5:0.5:0.67|LayerLine12@0.5:0.5:0.51|LayerCross15@0.5:0.5:0.5|LayerCrown15@0.5:0.5:0.42
671,Bug,9,7,299,598,111,Custom:X.XX..../..XX.XX./..XXXXX./XXXXXXXX/XXXXXXXX/XXXXXXXX@0:0:1|LayerLine12@0.5:0.5:0.67|LayerStagger9@0.5:0.5:0.51|LayerOffset12@0.5:0.5:0.5|LayerMiniDiamond9@0.5:0.5:0.42
672,Vehicle,9,7,299,598,112,Custom:.XX.X.XX/...XXXXX/X..XXXXX/.X.XXXXX/X.XXXXX./XXXXXXXX@0:0:1|LayerCorners12@0.5:0.5:0.67|LayerMiniDiamond9@0.5:0.5:0.51|LayerDiamond15@0.5:0.5:0.5|LayerDiagonal6@0.5:0.5:0.42
673,Weather,9,7,300,600,112,Custom:.X..X.X/XX..XXX/XXXXXXX/XXXXXXX/XXXXXXX/XXXXXXX@0:0:1|LayerCrown15@0.5:0.5:0.67|LayerCross15@0.5:0.5:0.51|LayerPillar12@0.5:0.5:0.5|LayerLine12@0.5:0.5:0.42
674,Tool,9,7,300,600,112,Custom:..XXXXXX/...X.XX./.....XXX/..X.XXX./.XX..XXX/XX.XXXXX/XXXXXXXX@0:0:1|LayerDiamond15@0.5:0.5:0.67|LayerOffset12@0.5:0.5:0.51|LayerStagger9@0.5:0.5:0.5|LayerCap18@0.5:0.5:0.42
675,Fantasy,9,7,300,600,132,Custom:...X...X/..XXXXX./.XXXXXX./.X..XXX./..X..XX./XXXXXXXX/XXXXXXXX@0:0:1|LayerCap18@0.5:0.5:0.67|LayerPillar12@0.5:0.5:0.51|LayerCrown15@0.5:0.5:0.5|LayerCross15@0.5:0.5:0.42
676,Food,9,7,300,600,112,Custom:X.X.XXX/...XX../..XXXXX/XXXXXXX/.XXXXX./..XXXXX/XXXXXXX@0:0:1|LayerPillar12@0.5:0.5:0.67|LayerDiagonal6@0.5:0.5:0.51|LayerMiniDiamond9@0.5:0.5:0.5|LayerOffset12@0.5:0.5:0.42
677,Plant,9,7,300,600,112,Custom:....XXX/XX..XXX/.XX.XXX/X.XXXXX/..XXXXX/..XXXXX/XXXXXXX@0:0:1|LayerCross15@0.5:0.5:0.67|LayerLine12@0.5:0.5:0.51|LayerDiagonal6@0.5:0.5:0.5|LayerDiamond15@0.5:0.5:0.42
678,Animal,9,7,301,602,112,Custom:.XXXX..X/.XXXX.X./..XXX..X/XXXXXXXX/.XXXXXXX/.XXXXXXX@0:0:1|LayerStagger9@0.5:0.5:0.67|LayerStagger9@0.5:0.5:0.51|LayerLine12@0.5:0.5:0.5|LayerPillar12@0.5:0.5:0.42
679,Sweet,9,7,301,602,112,Custom:..XXXXX/.XXXXXX/XXXXX.X/.XXXXXX/XXXXXXX/.XXXXXX@0:0:1|LayerOffset12@0.5:0.5:0.67|LayerMiniDiamond9@0.5:0.5:0.51|LayerCap18@0.5:0.5:0.5|LayerStagger9@0.5:0.5:0.42
680,Fantasy,9,7,313,626,113,Custom:XXXX..X/XXXX.../XXXX.XX/XXXXXXX/XXXXXXX/XXXXXXX@0:0:1|LayerBlock9@0.5:0.5:0.67|LayerCross15@0.5:0.5:0.51|LayerCross15@0.5:0.5:0.5|LayerCrown15@0.5:0.5:0.42
681,Vehicle,9,7,301,602,113,Custom:X.XXXXX./...XXXX./..X.XXX./.XXXX.../.XXXXX../.XXXXX../XXXXXXXX@0:0:1|LayerLine12@0.5:0.5:0.67|LayerOffset12@0.5:0.5:0.51|LayerOffset12@0.5:0.5:0.5|LayerMiniDiamond9@0.5:0.5:0.42
682,Weather,9,7,302,604,113,Custom:.X.XXXX/X....XX/XX..XXX/.X..XXX/XXX.XXX/XXX.XXX/XXXXXXX@0:0:1|LayerCorners12@0.5:0.5:0.67|LayerPillar12@0.5:0.5:0.51|LayerDiamond15@0.5:0.5:0.5|LayerDiagonal6@0.5:0.5:0.42
683,Tool,9,7,302,604,113,Custom:XXX.X../.X..X../.XXXXXX/XXXXXXX/XXXXX../XXXX.X./XXXXXXX@0:0:1|LayerCrown15@0.5:0.5:0.67|LayerDiagonal6@0.5:0.5:0.51|LayerPillar12@0.5:0.5:0.5|LayerLine12@0.5:0.5:0.42
684,Fantasy,9,7,302,604,113,Custom:.XXXXX./.X.XXXX/.XXXX../.XXX.XX/.XXXXX./XXXXXX./XX.XXXX@0:0:1|LayerDiamond15@0.5:0.5:0.67|LayerLine12@0.5:0.5:0.51|LayerStagger9@0.5:0.5:0.5|LayerCap18@0.5:0.5:0.42
685,Food,9,7,302,604,113,Custom:.X.XXX./XXXXXXX/..XXXXX/X.XXXXX/XXXXXXX/XXXXXXX@0:0:1|LayerCap18@0.5:0.5:0.67|LayerStagger9@0.5:0.5:0.51|LayerCrown15@0.5:0.5:0.5|LayerCross15@0.5:0.5:0.42
686,Plant,9,7,302,604,113,Custom:.X..X.X/XXX..XX/XXXXXXX/XXXXXXX/XXXXXXX/XXXXXXX@0:0:1|LayerPillar12@0.5:0.5:0.67|LayerMiniDiamond9@0.5:0.5:0.51|LayerMiniDiamond9@0.5:0.5:0.5|LayerOffset12@0.5:0.5:0.42
687,Animal,9,7,303,606,113,Custom:..XXXXX/..XXX.X/.XXXXXX/XXXXXXX/XXXXXXX/XXXXXXX@0:0:1|LayerCross15@0.5:0.5:0.67|LayerCross15@0.5:0.5:0.51|LayerDiagonal6@0.5:0.5:0.5|LayerDiamond15@0.5:0.5:0.42
688,Sweet,9,7,303,606,114,Custom:...XXX./..X.XXX/X..XX.X/.XXXXXX/XXXXXXX/.XXXXXX/.XXXXXX@0:0:1|LayerStagger9@0.5:0.5:0.66|LayerOffset12@0.5:0.5:0.51|LayerLine12@0.5:0.5:0.5|LayerPillar12@0.5:0.5:0.42
689,Bug,9,7,303,606,114,Custom:X.XXX../.X..X.X/.XX...X/.XXXXXX/X.XXXXX/XXXXXXX/XXXXXXX@0:0:1|LayerOffset12@0.5:0.5:0.66|LayerPillar12@0.5:0.5:0.51|LayerCap18@0.5:0.5:0.5|LayerStagger9@0.5:0.5:0.42
690,Fantasy,9,7,315,630,114,Custom:X.XX..../..XXXX../X.XXXXXX/...XXX../..XXXX../XXXX.XXX/XXXXXXXX@0:0:1|LayerBlock9@0.5:0.5:0.66|LayerDiagonal6@0.5:0.5:0.51|LayerCross15@0.5:0.5:0.5|LayerCrown15@0.5:0.5:0.42
691,Weather,9,7,304,608,114,Custom:XXXX.XX/X.X.XXX/XXX...X/X.X..XX/X..X..X/XXXXXXX/XXXXXXX@0:0:1|LayerLine12@0.5:0.5:0.66|LayerLine12@0.5:0.5:0.50|LayerOffset12@0.5:0.5:0.5|LayerMiniDiamond9@0.5:0.5:0.42
692,Tool,9,7,304,608,114,Custom:.XXXXXX/XXXX.XX/XXXXXXX/XX.XXXX/XXXXXXX/X.XXX..@0:0:1|LayerCorners12@0.5:0.5:0.66|LayerStagger9@0.5:0.5:0.50|LayerDiamond15@0.5:0.5:0.5|LayerDiagonal6@0.5:0.5:0.42
693,Fantasy,9,7,304,608,114,Custom:......X./XXX...XX/XXXX.XXX/XXXXX.XX/XXXXXXXX/XXXXXXXX@0:0:1|LayerCrown15@0.5:0.5:0.66|LayerMiniDiamond9@0.5:0.5:0.50|LayerPillar12@0.5:0.5:0.5|LayerLine12@0.5:0.5:0.42
694,Food,9,7,304,608,114,Custom:XX...XX/XXXX.XX/XXXXXXX/XXXXXXX/XX.XXXX/XXXXXX.@0:0:1|LayerDiamond15@0.5:0.5:0.66|LayerCross15@0.5:0.5:0.50|LayerStagger9@0.5:0.5:0.5|LayerCap18@0.5:0.5:0.42
695,Plant,9,7,304,608,114,Custom:.X.X.XX/.XX.XXX/.X..XXX/X....XX/X.XXXXX/XXXXXXX/XXXXXXX@0:0:1|LayerCap18@0.5:0.5:0.66|LayerOffset12@0.5:0.5:0.50|LayerCrown15@0.5:0.5:0.5|LayerCross15@0.5:0.5:0.42
696,Animal,9,7,305,610,115,Custom:XXXX..../XXXX..../XX.X...X/XXX...../XXXXXX.X/XXXXX..X/XXXXXXXX@0:0:1|LayerPillar12@0.5:0.5:0.66|LayerPillar12@0.5:0.5:0.50|LayerMiniDiamond9@0.5:0.5:0.5|LayerOffset12@0.5:0.5:0.42
697,Sweet,9,7,305,610,115,Custom:....XXX/..X.XXX/.X..XXX/XXXXXXX/XXXX.XX/.XX.XXX/XXXXXXX@0:0:1|LayerCross15@0.5:0.5:0.66|LayerDiagonal6@0.5:0.5:0.50|LayerDiagonal6@0.5:0.5:0.5|LayerDiamond15@0.5:0.5:0.42
698,Bug,9,7,305,610,115,Custom:.....X./..X.XXX/.XXXXXX/XXXXXX./XXXXXXX/..XXXXX/XXXXXXX@0:0:1|LayerStagger9@0.5:0.5:0.66|LayerLine12@0.5:0.5:0.50|LayerLine12@0.5:0.5:0.5|LayerPillar12@0.5:0.5:0.42
699,Vehicle,9,7,305,610,115,Custom:.XXXX.XX/..XXXXXX/..XXXXX./.X.XXXX./XXXXXXXX/..XXXXXX@0:0:1|LayerOffset12@0.5:0.5:0.66|LayerStagger9@0.5:0.5:0.50|LayerCap18@0.5:0.5:0.5|LayerStagger9@0.5:0.5:0.42
700,Fantasy,9,7,318,636,135,Custom:X....X./XXX.XXX/XXXXXXX/XXXXXXX/XXXXXXX/XXXXXXX@0:0:1|LayerBlock9@0.5:0.5:0.66|LayerMiniDiamond9@0.5:0.5:0.50|LayerCross15@0.5:0.5:0.5|LayerCrown15@0.5:0.5:0.42
701,Tool,9,7,312,624,115,Custom:..XXXXXX/.XXXXXXX/XXXXXXXX/XXXXXXX./..XXXXXX/..XXXXX.@0:0:1|LayerLine12@0.5:0.5:0.66|LayerCross15@0.5:0.5:0.50|LayerOffset12@0.5:0.5:0.5|LayerMiniDiamond9@0.5:0.5:0.42
702,Fantasy,9,7,312,624,115,Custom:..XXXXXX./.X.XXXXX./...XX...X/...XX..XX/..XXXX..X/XXXXXX.../XXXXXXXXX@0:0:1|LayerCorners12@0.5:0.5:0.66|LayerOffset12@0.5:0.5:0.50|LayerDiamond15@0.5:0.5:0.5|LayerDiagonal6@0.5:0.5:0.42
703,Food,9,7,312,624,115,Custom:XX...X../.XX.XX../XXXXXXX./XXXXX.../XXXXX.../XXXXXXX./XXXXXXXX@0:0:1|LayerCrown15@0.5:0.5:0.66|LayerPillar12@0.5:0.5:0.50|LayerPillar12@0.5:0.5:0.5|LayerLine12@0.5:0.5:0.42
704,Plant,9,7,312,624,116,Custom:.XX.XX.X/XX.XX.X./..XXXX../..XXXXX./..XXXXX./XXXXXXX./XXXXXXXX@0:0:1|LayerDiamond15@0.5:0.5:0.66|LayerDiagonal6@0.5:0.5:0.50|LayerStagger9@0.5:0.5:0.5|LayerCap18@0.5:0.5:0.42
705,Animal,9,7,313,626,116,Custom:..X.XXXX./..XXXXXXX/..X.X.XXX/.....XXXX/X....XXXX/XX..XXXXX/..XXXXXX.@0:0:1|LayerCap18@0.5:0.5:0.66|LayerLine12@0.5:0.5:0.50|LayerCrown15@0.5:0.5:0.5|LayerCross15@0.5:0.5:0.42
706,Sweet,9,7,313,626,116,Custom:.X..XXXX/XXXXXXXX/.XXXXX.X/..XXXXXX/.XXXXXX./XXXXXXXX@0:0:1|LayerPillar12@0.5:0.5:0.66|LayerStagger9@0.5:0.5:0.50|LayerMiniDiamond9@0.5:0.5:0.5|LayerOffset12@0.5:0.5:0.42
707,Bug,9,7,313,626,116,Custom:X.X..XX./X.X.XXXX/..XXXXXX/XXXXXX.X/XXXXXXXX/XXXXXXXX@0:0:1|LayerCross15@0.5:0.5:0.66|LayerMiniDiamond9@0.5:0.5:0.50|LayerDiagonal6@0.5:0.5:0.5|LayerDiamond15@0.5:0.5:0.42
708,Vehicle,9,7,313,626,116,Custom:.....XXXX/X..XX.XXX/XX.XXXXXX/XX..XXXXX/XX...XXXX/XXX.XXXXX@0:0:1|LayerStagger9@0.5:0.5:0.66|LayerCross15@0.5:0.5:0.50|LayerLine12@0.5:0.5:0.5|LayerPillar12@0.5:0.5:0.42
709,Weather,9,7,313,626,116,Custom:...XXX.X/..XXXX../.XXXXX../..XXXX../.XXXXXXX/.XXXXXXX/XXXXXXXX@0:0:1|LayerOffset12@0.5:0.5:0.66|LayerOffset12@0.5:0.5:0.50|LayerCap18@0.5:0.5:0.5|LayerStagger9@0.5:0.5:0.42
710,Fantasy,9,7,326,652,116,Custom:....XX../.XXXX.../XX..X.X./XXXXXXXX/X.XXXXX./XXXXXXX./XXXXXXXX@0:0:1|LayerBlock9@0.5:0.5:0.66|LayerPillar12@0.5:0.5:0.50|LayerCross15@0.5:0.5:0.5|LayerCrown15@0.5:0.5:0.42
711,Fantasy,9,7,314,628,116,Custom:.....X.../....XX..X/...XXXXXX/X.XXXXXXX/...XXXXX./X.XXXXXXX/XX.XXXXXX@0:0:1|LayerLine12@0.5:0.5:0.66|LayerDiagonal6@0.5:0.5:0.50|LayerOffset12@0.5:0.5:0.5|LayerMiniDiamond9@0.5:0.5:0.42
712,Food,9,7,314,628,117,Custom:..XXXXXX/...XXXX./XXXXXXXX/XXXXXXX./..XXXXXX/XXXXXXXX@0:0:1|LayerCorners12@0.5:0.5:0.66|LayerLine12@0.5:0.5:0.50|LayerDiamond15@0.5:0.5:0.5|LayerDiagonal6@0.5:0.5:0.42
713,Plant,9,7,314,628,117,Custom:..XXXX../..XXXX.X/.XXXXXXX/XXXXXX.X/XXXXXXXX/XXXXXXXX@0:0:1|LayerCrown15@0.5:0.5:0.65|LayerStagger9@0.5:0.5:0.50|LayerPillar12@0.5:0.5:0.5|LayerLine12@0.5:0.5:0.42
714,Animal,9,7,315,630,117,Custom:.X.XXXX../..XX.XX../..XXXXXX./.XXXXXXX./.XXXXXXXX/XXXXXXXXX@0:0:1|LayerDiamond15@0.5:0.5:0.65|LayerMiniDiamond9@0.5:0.5:0.50|LayerStagger9@0.5:0.5:0.5|LayerCap18@0.5:0.5:0.42
715,Sweet,9,7,315,630,117,Custom:..X..XXX/XXX..XXX/XXXXXXXX/X..XXX.X/XXXXXXXX/XXXXXXXX@0:0:1|LayerCap18@0.5:0.5:0.65|LayerCross15@0.5:0.5:0.50|LayerCrown15@0.5:0.5:0.5|LayerCross15@0.5:0.5:0.42
716,Bug,9,7,315,630,117,Custom:..XXXXXX/.XXXXXX./.XXXXXXX/X.XXXX.X/.XXXXXXX/XXXXXXX.@0:0:1|LayerPillar12@0.5:0.5:0.65|LayerOffset12@0.5:0.5:0.50|LayerMiniDiamond9@0.5:0.5:0.5|LayerOffset12@0.5:0.5:0.42
717,Vehicle,9,7,315,630,117,Custom:..XXXX.../...XXX.../..XXXXX../.XXXX..../.XXXXXX../XXXXXXXX./XXXXXXXXX@0:0:1|LayerCross15@0.5:0.5:0.65|LayerPillar12@0.5:0.5:0.50|LayerDiagonal6@0.5:0.5:0.5|LayerDiamond15@0.5:0.5:0.42
718,Weather,9,7,315,630,117,Custom:....XXXX/.X...X../XXXXXXXX/.XXXXXX./.XXXXXXX/.X.XXXXX/.X.XXXXX@0:0:1|LayerStagger9@0.5:0.5:0.65|LayerDiagonal6@0.5:0.5:0.50|LayerLine12@0.5:0.5:0.5|LayerPillar12@0.5:0.5:0.42
719,Tool,9,7,316,632,117,Custom:.X.XXX../.XXXXXXX/XXXXXXX./.XXXXXXX/X.XXXXXX/.XXXXXXX@0:0:1|LayerOffset12@0.5:0.5:0.65|LayerLine12@0.5:0.5:0.50|LayerCap18@0.5:0.5:0.5|LayerStagger9@0.5:0.5:0.42
720,Fantasy,9,7,328,656,118,Custom:..XXX.X../..XXXXXXX/XXXX.XX../XXXXXXX../.XXXXXXX./.XXXXXXXX@0:0:1|LayerBlock9@0.5:0.5:0.65|LayerStagger9@0.5:0.5:0.50|LayerCross15@0.5:0.5:0.5|LayerCrown15@0.5:0.5:0.42
721,Food,9,7,316,632,118,Custom:...XXX.../X.XXXXX../XXXXXX.X./XXXXXXXX./XXXXXXXXX/..XXXXX.X@0:0:1|LayerLine12@0.5:0.5:0.65|LayerMiniDiamond9@0.5:0.5:0.50|LayerOffset12@0.5:0.5:0.5|LayerMiniDiamond9@0.5:0.5:0.42
722,Plant,9,7,316,632,118,Custom:X.XX..../.XXXXXX./XXX.XXXX/XXXXXX.X/XXXXXXXX/XXXXXXXX@0:0:1|LayerCorners12@0.5:0.5:0.65|LayerCross15@0.5:0.5:0.50|LayerDiamond15@0.5:0.5:0.5|LayerDiagonal6@0.5:0.5:0.42
723,Animal,9,7,317,634,118,Custom:.XXXXXX/XXXX.../XXXXXX./XXXXXX./XXXXX../XXXXX../XXXXXXX@0:0:1|LayerCrown15@0.5:0.5:0.65|LayerOffset12@0.5:0.5:0.50|LayerPillar12@0.5:0.5:0.5|LayerLine12@0.5:0.5:0.42
724,Sweet,9,7,317,634,118,Custom:.XXXX.X/XXXXXXX/.XXXXX./.XXXXXX/.XXXX../XXXXXX./.XXXXXX@0:0:1|LayerDiamond15@0.5:0.5:0.65|LayerPillar12@0.5:0.5:0.50|LayerStagger9@0.5:0.5:0.5|LayerCap18@0.5:0.5:0.42
725,Bug,9,7,317,634,138,Custom:.XXXXXXX/..XXXXX./..XXXXX./..XXX.X./..XXXXX./.XXXXXX./X.XXXXXX@0:0:1|LayerCap18@0.5:0.5:0.65|LayerDiagonal6@0.5:0.5:0.50|LayerCrown15@0.5:0.5:0.5|LayerCross15@0.5:0.5:0.42
726,Vehicle,9,7,317,634,118,Custom:XXX.X.XXX/.XXXXX..X/.XX.XXXX./.XXXXXXX./.XXXXXX../.XXXXXXX.@0:0:1|LayerPillar12@0.5:0.5:0.65|LayerLine12@0.5:0.5:0.50|LayerMiniDiamond9@0.5:0.5:0.5|LayerOffset12@0.5:0.5:0.42
727,Weather,9,7,317,634,118,Custom:..XX.XXX./..XXXXX.X/XXXXXXXX./XXXX.X.X./XX..XXXXX/XXX..XXXX@0:0:1|LayerCross15@0.5:0.5:0.65|LayerStagger9@0.5:0.5:0.50|LayerDiagonal6@0.5:0.5:0.5|LayerDiamond15@0.5:0.5:0.42
728,Tool,9,7,318,636,119,Custom:XXXX..XX/XXX.X.X./XX.XXX../XXXXXX.X/XXXXXXXX/XXXXXXXX@0:0:1|LayerStagger9@0.5:0.5:0.65|LayerMiniDiamond9@0.5:0.5:0.50|LayerLine12@0.5:0.5:0.5|LayerPillar12@0.5:0.5:0.42
729,Fantasy,9,7,318,636,119,Custom:.XX.XX..X/.XXXXX.../.XXXXXX../XXXXXX.X./XXXXXX.X./XXXXXXXXX@0:0:1|LayerOffset12@0.5:0.5:0.65|LayerCross15@0.5:0.5:0.50|LayerCap18@0.5:0.5:0.5|LayerStagger9@0.5:0.5:0.42
730,Fantasy,9,7,330,660,119,Custom:....XX.../XXX.XXXXX/.XXXXXXX./..XXX..../XXXX.X.../X.XXXXXX./..XXXXXXX@0:0:1|LayerBlock9@0.5:0.5:0.65|LayerOffset12@0.5:0.5:0.50|LayerCross15@0.5:0.5:0.5|LayerCrown15@0.5:0.5:0.42
731,Plant,9,7,318,636,119,Custom:..XXXXX./.XXXX.X./XXXXXX../XXXX..XX/XXXX.XXX/..XXXX.X/..XXXXX.@0:0:1|LayerLine12@0.5:0.5:0.65|LayerPillar12@0.5:0.5:0.50|LayerOffset12@0.5:0.5:0.5|LayerMiniDiamond9@0.5:0.5:0.42
732,Animal,9,7,319,638,119,Custom:....X.X../....X..X./....XX.../XXXXXXXXX/X.X.XXXXX/.XXXXXXXX/XXXXXXXXX@0:0:1|LayerCorners12@0.5:0.5:0.65|LayerDiagonal6@0.5:0.5:0.50|LayerDiamond15@0.5:0.5:0.5|LayerDiagonal6@0.5:0.5:0.42
733,Sweet,9,7,319,638,119,Custom:..XXXXX.X/..XXXX.XX/..XXXXX.X/X.XXXXX.X/..XXXXXXX/..XXXXXXX@0:0:1|LayerCrown15@0.5:0.5:0.65|LayerLine12@0.5:0.5:0.50|LayerPillar12@0.5:0.5:0.5|LayerLine12@0.5:0.5:0.42
734,Bug,9,7,319,638,119,Custom:.X.XXXX./..XXX.X./.XXXXXX./XXXXXXXX/XXXXXXXX/XXXXXXXX@0:0:1|LayerDiamond15@0.5:0.5:0.65|LayerStagger9@0.5:0.5:0.50|LayerStagger9@0.5:0.5:0.5|LayerCap18@0.5:0.5:0.42
735,Vehicle,9,7,319,638,119,Custom:...X..XX./XX.XXXXX./..XXXXX.X/.XXXXXXX./XXXXXXXX./XXXXXXXX.@0:0:1|LayerCap18@0.5:0.5:0.65|LayerMiniDiamond9@0.5:0.5:0.50|LayerCrown15@0.5:0.5:0.5|LayerCross15@0.5:0.5:0.42
736,Weather,9,7,319,638,120,Custom:.XXXXX.../.XXXX.X../.XXXXX.../X.XXXXXXX/XXXXXXXXX/XXXXXX..X@0:0:1|LayerPillar12@0.5:0.5:0.65|LayerCross15@0.5:0.5:0.50|LayerMiniDiamond9@0.5:0.5:0.5|LayerOffset12@0.5:0.5:0.42
737,Tool,9,7,320,640,120,Custom:.X.X..X./.XXX.XX./XXXXXXXX/XXXXXXXX/XXXXXXXX/X.XXXXXX@0:0:1|LayerCross15@0.5:0.5:0.65|LayerOffset12@0.5:0.5:0.50|LayerDiagonal6@0.5:0.5:0.5|LayerDiamond15@0.5:0.5:0.42
738,Fantasy,9,7,320,640,120,Custom:XXXX...X./XXXX...XX/XXXX....X/.XXX.X.X./.X....XXX/XX.XX..XX/XXXXXXXX.@0:0:1|LayerStagger9@0.5:0.5:0.64|LayerPillar12@0.5:0.5:0.50|LayerLine12@0.5:0.5:0.5|LayerPillar12@0.5:0.5:0.42
739,Food,9,7,320,640,120,Custom:..XXXX.XX/X.X.XX.X./.....XX../.....X.../..XXXXXXX/XXXXXXXXX/XXXXXXXXX@0:0:1|LayerOffset12@0.5:0.5:0.64|LayerDiagonal6@0.5:0.5:0.50|LayerCap18@0.5:0.5:0.5|LayerStagger9@0.5:0.5:0.42
740,Fantasy,9,7,332,664,120,Custom:XX.XXXXX/...XXXXX/.X..XXXX/..XXXXXX/XXXXXXXX/XXXXXXXX@0:0:1|LayerBlock9@0.5:0.5:0.64|LayerLine12@0.5:0.5:0.50|LayerCross15@0.5:0.5:0.5|LayerCrown15@0.5:0.5:0.42
741,Animal,9,7,321,642,120,Custom:.X...XX../.XXXXXXX./..XXXX.X./.XXXXXXXX/.XXXXXXXX/XXXXXX.XX@0:0:1|LayerLine12@0.5:0.5:0.64|LayerStagger9@0.5:0.5:0.50|LayerOffset12@0.5:0.5:0.5|LayerMiniDiamond9@0.5:0.5:0.42
742,Sweet,9,7,321,642,120,Custom:.XXXX.XXX/XXXX.XX../..XX.XX../..XXXXX../X.XXXXXXX/XXXXXXXXX@0:0:1|LayerCorners12@0.5:0.5:0.64|LayerMiniDiamond9@0.5:0.5:0.50|LayerDiamond15@0.5:0.5:0.5|LayerDiagonal6@0.5:0.5:0.42
743,Bug,9,7,321,642,120,Custom:.X...X.X/XXXXX.XX/X.XXXXXX/XXXXXX.X/.XXXXXXX/XXXXXXXX@0:0:1|LayerCrown15@0.5:0.5:0.64|LayerCross15@0.5:0.5:0.50|LayerPillar12@0.5:0.5:0.5|LayerLine12@0.5:0.5:0.42
744,Vehicle,9,7,321,642,121,Custom:XXX.X.X../XXXXXX..X/X.XXX..../XXXXX..../X.XXX..../XXXX.XX../XXXX.XXXX@0:0:1|LayerDiamond15@0.5:0.5:0.64|LayerOffset12@0.5:0.5:0.50|LayerStagger9@0.5:0.5:0.5|LayerCap18@0.5:0.5:0.42
745,Weather,9,7,321,642,121,Custom:X...X..../...X.X.../.XXXXXX../XXXXXX.../XXXXXXXX./.XXXXXX../XXXXXXXXX@0:0:1|LayerCap18@0.5:0.5:0.64|LayerPillar12@0.5:0.5:0.50|LayerCrown15@0.5:0.5:0.5|LayerCross15@0.5:0.5:0.42
746,Tool,9,7,322,644,121,Custom:..XXXXX./.XXX.X../XXXXX.XX/XXXX...X/X.XXX..X/..XXXXXX/X.XXXXXX@0:0:1|LayerPillar12@0.5:0.5:0.64|LayerDiagonal6@0.5:0.5:0.50|LayerMiniDiamond9@0.5:0.5:0.5|LayerOffset12@0.5:0.5:0.42
747,Fantasy,9,7,322,644,121,Custom:..XXX..../..XXXXX../..XXXXX../XXXXXXXX./XXXXXXXXX/XXXXXXXXX@0:0:1|LayerCross15@0.5:0.5:0.64|LayerLine12@0.5:0.5:0.50|LayerDiagonal6@0.5:0.5:0.5|LayerDiamond15@0.5:0.5:0.42
748,Food,9,7,322,644,121,Custom:..XXXX.../...XXXX../..XXXX.X./XXXXXXXXX/XXXXXXXXX/XXXXXX.XX@0:0:1|LayerStagger9@0.5:0.5:0.64|LayerStagger9@0.5:0.5:0.50|LayerLine12@0.5:0.5:0.5|LayerPillar12@0.5:0.5:0.42
749,Plant,9,7,322,644,121,Custom:.XX.X.XX/...XXX.X/XXX.XXXX/XXXXXXXX/XXXXXXXX/X.XXXXXX@0:0:1|LayerOffset12@0.5:0.5:0.64|LayerMiniDiamond9@0.5:0.5:0.50|LayerCap18@0.5:0.5:0.5|LayerStagger9@0.5:0.5:0.42
750,Fantasy,9,7,335,670,141,Custom:XX...X.../XX...X.X./XX.XX.XXX/XXX..XXXX/XXXXXXXXX/XXXXXXXXX@0:0:1|LayerBlock9@0.5:0.5:0.64|LayerCross15@0.5:0.5:0.50|LayerCross15@0.5:0.5:0.5|LayerCrown15@0.5:0.5:0.42
751,Sweet,9,7,323,646,121,Custom:...XXX.../...XXXX../.X..XXXXX/..XXXXX.X/.XXXXX.X./XXXXXXX../XXXXXX..X@0:0:1|LayerLine12@0.5:0.5:0.64|LayerOffset12@0.5:0.5:0.49|LayerOffset12@0.5:0.5:0.5|LayerMiniDiamond9@0.5:0.5:0.42
752,Bug,9,7,323,646,122,Custom:...X.X.X/...XXXX./X.XXXXXX/.X.XXXXX/..XXXXXX/..XXXX.X/XXXXXXXX@0:0:1|LayerCorners12@0.5:0.5:0.64|LayerPillar12@0.5:0.5:0.49|LayerDiamond15@0.5:0.5:0.5|LayerDiagonal6@0.5:0.5:0.42
753,Vehicle,9,7,323,646,122,Custom:.XXXXXX/.XXXXXX/XXXXXXX/..XXXX./..XXXXX/.XXXXXX/.X.XXXX@0:0:1|LayerCrown15@0.5:0.5:0.64|LayerDiagonal6@0.5:0.5:0.49|LayerPillar12@0.5:0.5:0.5|LayerLine12@0.5:0.5:0.42
754,Weather,9,7,323,646,122,Custom:.XXX.X.../XXX....X./XXXX.XX../XXXXXXXXX/XXXXXXXX./XXXXX.XXX@0:0:1|LayerDiamond15@0.5:0.5:0.64|LayerLine12@0.5:0.5:0.49|LayerStagger9@0.5:0.5:0.5|LayerCap18@0.5:0.5:0.42
755,Tool,9,7,324,648,122,Custom:XX..XXXX/XXX...XX/XX.X...X/XXXXXXXX/XXXXXXXX/XXXXXXXX@0:0:1|LayerCap18@0.5:0.5:0.64|LayerStagger9@0.5:0.5:0.49|LayerCrown15@0.5:0.5:0.5|LayerCross15@0.5:0.5:0.42
756,Fantasy,9,7,324,648,122,Custom:..X.X..../XXXXXXX../.XXXXXXX./XXXXXXXX./XXXXXXXXX/XXXX...XX@0:0:1|LayerPillar12@0.5:0.5:0.64|LayerMiniDiamond9@0.5:0.5:0.49|LayerMiniDiamond9@0.5:0.5:0.5|LayerOffset12@0.5:0.5:0.42
757,Food,9,7,324,648,122,Custom:XXXXXXX/.XXXXXX/XXXXXXX/XXXXXXX/XXXXXXX/.XXXXX.@0:0:1|LayerCross15@0.5:0.5:0.64|LayerCross15@0.5:0.5:0.49|LayerDiagonal6@0.5:0.5:0.5|LayerDiamond15@0.5:0.5:0.42
758,Plant,9,7,324,648,122,Custom:X..XX.../....XXX./.XX..XXX/XXXXX.XX/X.XX.XXX/.XXXXXXX/XXXXXXXX@0:0:1|LayerStagger9@0.5:0.5:0.64|LayerOffset12@0.5:0.5:0.49|LayerLine12@0.5:0.5:0.5|LayerPillar12@0.5:0.5:0.42
759,Animal,9,7,324,648,122,Custom:..XXX.X./..XXXXXX/..XXXX.X/...XXXX./..XXXXX./.XXXXXXX/XXXXXXXX@0:0:1|LayerOffset12@0.5:0.5:0.64|LayerPillar12@0.5:0.5:0.49|LayerCap18@0.5:0.5:0.5|LayerStagger9@0.5:0.5:0.42
760,Fantasy,9,7,337,674,123,Custom:.XX..X..X/XX.X....X/XXXXX.X../XXXXXX..X/XXXXXXXXX/XXXXXXXXX@0:0:1|LayerBlock9@0.5:0.5:0.64|LayerDiagonal6@0.5:0.5:0.49|LayerCross15@0.5:0.5:0.5|LayerCrown15@0.5:0.5:0.42
761,Bug,9,7,325,650,123,Custom:XX....XX/XXXX.XXX/XXXX...X/.XXXXXXX/XXXXXXXX/XXXXXXXX@0:0:1|LayerLine12@0.5:0.5:0.64|LayerLine12@0.5:0.5:0.49|LayerOffset12@0.5:0.5:0.5|LayerMiniDiamond9@0.5:0.5:0.42
762,Vehicle,9,7,325,650,123,Custom:.XXX.X.../.XX..XXXX/..XXXXXXX/.XXXXXXXX/XXX.XXXXX/XXXXXX...@0:0:1|LayerCorners12@0.5:0.5:0.64|LayerStagger9@0.5:0.5:0.49|LayerDiamond15@0.5:0.5:0.5|LayerDiagonal6@0.5:0.5:0.42
763,Weather,9,7,325,650,123,Custom:.XXXXX..X/X...X.X.X/....XX.XX/..XXXXXXX/XXXXXXXXX/XXXXXXXXX@0:0:1|LayerCrown15@0.5:0.5:0.64|LayerMiniDiamond9@0.5:0.5:0.49|LayerPillar12@0.5:0.5:0.5|LayerLine12@0.5:0.5:0.42
764,Tool,9,7,326,652,123,Custom:XXXX.XX/XXXXXXX/XXXXXXX/.XXXXXX/.XXXXXX/XXXXXXX@0:0:1|LayerDiamond15@0.5:0.5:0.64|LayerCross15@0.5:0.5:0.49|LayerStagger9@0.5:0.5:0.5|LayerCap18@0.5:0.5:0.42
765,Fantasy,9,7,326,652,123,Custom:XX......./......XX./.XXXXX.XX/..XXXXXX./XXXXXXXX./XXX..XXXX/XXXXX.X.X@0:0:1|LayerCap18@0.5:0.5:0.64|LayerOffset12@0.5:0.5:0.49|LayerCrown15@0.5:0.5:0.5|LayerCross15@0.5:0.5:0.42
766,Food,9,7,326,652,123,Custom:..XX...../.XXXX...X/..XX.X.../.X.X..XX./.XXXXXXXX/XXXXXXXXX/.XXXXXXXX@0:0:1|LayerPillar12@0.5:0.5:0.64|LayerPillar12@0.5:0.5:0.49|LayerMiniDiamond9@0.5:0.5:0.5|LayerOffset12@0.5:0.5:0.42
767,Plant,9,7,326,652,123,Custom:XXXXXXX./...XXXXX/....XX.X/..XX.XX./..XXXX../XXXXXXXX/XXXXXXXX@0:0:1|LayerCross15@0.5:0.5:0.64|LayerDiagonal6@0.5:0.5:0.49|LayerDiagonal6@0.5:0.5:0.5|LayerDiamond15@0.5:0.5:0.42
768,Animal,9,7,326,652,124,Custom:.X.XXX../..XXXXXX/.XXXXXXX/XXXXXXXX/XXXXXXXX/.XXXXX.X@0:0:1|LayerStagger9@0.5:0.5:0.64|LayerLine12@0.5:0.5:0.49|LayerLine12@0.5:0.5:0.5|LayerPillar12@0.5:0.5:0.42
769,Sweet,9,7,327,654,124,Custom:X...XXXXX/.X.XXX.X./...XXXXXX/XX.XXXXXX/.X...XXXX/XXXXXXXXX@0:0:1|LayerOffset12@0.5:0.5:0.64|LayerStagger9@0.5:0.5:0.49|LayerCap18@0.5:0.5:0.5|LayerStagger9@0.5:0.5:0.42
770,Fantasy,9,7,339,678,124,Custom:X.XXXXXX/..XXXXXX/.XXXXXX./.XXXXXX./.X.XXXXX/XXXXXXXX@0:0:1|LayerBlock9@0.5:0.5:0.64|LayerMiniDiamond9@0.5:0.5:0.49|LayerCross15@0.5:0.5:0.5|LayerCrown15@0.5:0.5:0.42
771,Vehicle,9,7,327,654,124,Custom:..X...X./.XX.XXXX/XXXXX.XX/XXXXXXXX/XXXXXXXX/XXXXXXXX@0:0:1|LayerLine12@0.5:0.5:0.64|LayerCross15@0.5:0.5:0.49|LayerOffset12@0.5:0.5:0.5|LayerMiniDiamond9@0.5:0.5:0.42
772,Weather,9,7,327,654,124,Custom:..XX.XX../.XX...X../XXXX..X.X/XXX...X../XXXXX..X./XXXXXXXX./XXXXXXXX.@0:0:1|LayerCorners12@0.5:0.5:0.64|LayerOffset12@0.5:0.5:0.49|LayerDiamond15@0.5:0.5:0.5|LayerDiagonal6@0.5:0.5:0.42
773,Tool,9,7,328,656,124,Custom:....XXXX/X..XXXXX/...XXX.X/XX.XXX.X/.XXXXX.X/.XXXXX../XXXXXXXX@0:0:1|LayerCrown15@0.5:0.5:0.64|LayerPillar12@0.5:0.5:0.49|LayerPillar12@0.5:0.5:0.5|LayerLine12@0.5:0.5:0.42
774,Fantasy,9,7,328,656,124,Custom:..X...../.XX..XX./..X.XXX./XX.XXXXX/XXXXXXXX/XXXX.XXX/XXXXXXXX@0:0:1|LayerDiamond15@0.5:0.5:0.64|LayerDiagonal6@0.5:0.5:0.49|LayerStagger9@0.5:0.5:0.5|LayerCap18@0.5:0.5:0.42
775,Food,9,7,328,656,144,Custom:X.X.X..../.XXX.X.X./.XXXXXX../XXXXXX.X./XXXXXXXXX/XXXXXXXXX@0:0:1|LayerCap18@0.5:0.5:0.64|LayerLine12@0.5:0.5:0.49|LayerCrown15@0.5:0.5:0.5|LayerCross15@0.5:0.5:0.42
776,Plant,9,7,328,656,125,Custom:X.XXX.../XX..XXX./XX.XXXXX/X.XXXXXX/XXXXXXXX/XXXXXXXX@0:0:1|LayerPillar12@0.5:0.5:0.64|LayerStagger9@0.5:0.5:0.49|LayerMiniDiamond9@0.5:0.5:0.5|LayerOffset12@0.5:0.5:0.42
777,Animal,9,7,328,656,125,Custom:X..XXXX./..XXXX.X/XXXXXXXX/XXXXXXXX/X.XX.XX./XXXXXXXX@0:0:1|LayerCross15@0.5:0.5:0.64|LayerMiniDiamond9@0.5:0.5:0.49|LayerDiagonal6@0.5:0.5:0.5|LayerDiamond15@0.5:0.5:0.42
778,Sweet,9,7,329,658,125,Custom:X.X.XXXX/.XXXXXXX/.XXXXXX./XXXXXXX./XXXXXXX./XXXXXX..@0:0:1|LayerStagger9@0.5:0.5:0.64|LayerCross15@0.5:0.5:0.49|LayerLine12@0.5:0.5:0.5|LayerPillar12@0.5:0.5:0.42
779,Bug,9,7,329,658,125,Custom:XXXXX.X./XXX..XXX/.X...X../X.X...X./.XX.XXXX/XXXXXXXX/XXXXXXXX@0:0:1|LayerOffset12@0.5:0.5:0.64|LayerOffset12@0.5:0.5:0.49|LayerCap18@0.5:0.5:0.5|LayerStagger9@0.5:0.5:0.42
780,Fantasy,9,7,341,682,125,Custom:.....X../....XX../XXXX.XXX/XXXXXXX./XXXXXX../XXXXXXXX/XXXXXXXX@0:0:1|LayerBlock9@0.5:0.5:0.64|LayerPillar12@0.5:0.5:0.49|LayerCross15@0.5:0.5:0.5|LayerCrown15@0.5:0.5:0.42
781,Weather,9,7,329,658,125,Custom:.....X.../......X../.X..XXXXX/....XXXXX/XXXXX.XXX/XXXXXXXXX/XXXXXXXXX@0:0:1|LayerLine12@0.5:0.5:0.64|LayerDiagonal6@0.5:0.5:0.49|LayerOffset12@0.5:0.5:0.5|LayerMiniDiamond9@0.5:0.5:0.42
782,Tool,9,7,330,660,125,Custom:XXXXXX../.XXXXX../XXXXXXX./XXXXXXXX/.XXXXXX./.XXXXXXX@0:0:1|LayerCorners12@0.5:0.5:0.64|LayerLine12@0.5:0.5:0.49|LayerDiamond15@0.5:0.5:0.5|LayerDiagonal6@0.5:0.5:0.42
783,Fantasy,9,7,330,660,125,Custom:...X.XX./.XXXXXX./XXXXXXX./XXXXXXXX/XXXXXX.X/XXXXXXXX@0:0:1|LayerCrown15@0.5:0.5:0.64|LayerStagger9@0.5:0.5:0.49|LayerPillar12@0.5:0.5:0.5|LayerLine12@0.5:0.5:0.42
784,Food,9,7,330,660,126,Custom:..X.X..../X.XXXX.X./XXXXXXXX./X..XXXX../XXXXXXXXX/XXXXXXXXX@0:0:1|LayerDiamond15@0.5:0.5:0.64|LayerMiniDiamond9@0.5:0.5:0.49|LayerStagger9@0.5:0.5:0.5|LayerCap18@0.5:0.5:0.42
785,Plant,9,7,330,660,126,Custom:XXXXXX../.XXXXXXX/X.XXXX.X/XXXXXX../.XXXXXX./XXXXXXXX@0:0:1|LayerCap18@0.5:0.5:0.64|LayerCross15@0.5:0.5:0.49|LayerCrown15@0.5:0.5:0.5|LayerCross15@0.5:0.5:0.42
786,Animal,9,7,330,660,126,Custom:.XXXXXX./.X.XX.../..XXXXX./.XXXXXX./.X.XXXXX/XX.XX.XX/.XXXXXXX@0:0:1|LayerPillar12@0.5:0.5:0.64|LayerOffset12@0.5:0.5:0.49|LayerMiniDiamond9@0.5:0.5:0.5|LayerOffset12@0.5:0.5:0.42
787,Sweet,9,7,331,662,126,Custom:......X../...XXX.../.XXXX.X../..XXXX.../XXXXXXXX./XXXXXXXXX/XXXXXXXXX@0:0:1|LayerCross15@0.5:0.5:0.64|LayerPillar12@0.5:0.5:0.49|LayerDiagonal6@0.5:0.5:0.5|LayerDiamond15@0.5:0.5:0.42
788,Bug,9,7,331,662,126,Custom:...XXXXX/.XXXXX../.XXXXXXX/..XX.XXX/..XXXX../X..XXX.X/XXXXXXXX@0:0:1|LayerStagger9@0.5:0.5:0.64|LayerDiagonal6@0.5:0.5:0.49|LayerLine12@0.5:0.5:0.5|LayerPillar12@0.5:0.5:0.42
789,Vehicle,9,7,331,662,126,Custom:.XX.XXXX/.XXX.XX./.XXXXX.X/.XXXXXX./XXXXXXXX/XXXXXXXX@0:0:1|LayerOffset12@0.5:0.5:0.64|LayerLine12@0.5:0.5:0.49|LayerCap18@0.5:0.5:0.5|LayerStagger9@0.5:0.5:0.42
790,Fantasy,9,7,343,686,126,Custom:.XX.XXXXX/.X...XXXX/X.....XXX/X.XX.XXXX/..XXXXXXX/XXXXXXXXX@0:0:1|LayerBlock9@0.5:0.5:0.64|LayerStagger9@0.5:0.5:0.49|LayerCross15@0.5:0.5:0.5|LayerCrown15@0.5:0.5:0.42
791,Tool,9,7,332,664,126,Custom:XX.X..XX/XXXXXXX./XXXXXX../XXXXXX../XXXXXX.X/XXXXXXXX@0:0:1|LayerLine12@0.5:0.5:0.64|LayerMiniDiamond9@0.5:0.5:0.49|LayerOffset12@0.5:0.5:0.5|LayerMiniDiamond9@0.5:0.5:0.42
792,Fantasy,9,7,332,664,127,Custom:..X.XXXX/XX.XX.XX/X.XXXXXX/..XXXX.X/XXXXXXXX/XXXXXXXX@0:0:1|LayerCorners12@0.5:0.5:0.64|LayerCross15@0.5:0.5:0.49|LayerDiamond15@0.5:0.5:0.5|LayerDiagonal6@0.5:0.5:0.42
793,Food,9,7,332,664,127,Custom:...X..X../...XX..../.X.XXXXX./XXXXXXXXX/...XXXX../.XXXXXXX./XXXXXXXXX@0:0:1|LayerCrown15@0.5:0.5:0.64|LayerOffset12@0.5:0.5:0.49|LayerPillar12@0.5:0.5:0.5|LayerLine12@0.5:0.5:0.42
794,Plant,9,7,332,664,127,Custom:.XX..X../.XXXX.XX/XXXXX.../.XXX..XX/XXXXXXX./XXXXXXX./XXX..XXX@0:0:1|LayerDiamond15@0.5:0.5:0.64|LayerPillar12@0.5:0.5:0.49|LayerStagger9@0.5:0.5:0.5|LayerCap18@0.5:0.5:0.42
795,Animal,9,7,332,664,127,Custom:X.X.XXXX/...XXXX./..XXXXXX/.XXXXXX./..XXXX../.XXXXXX./XXXXXXX.@0:0:1|LayerCap18@0.5:0.5:0.64|LayerDiagonal6@0.5:0.5:0.49|LayerCrown15@0.5:0.5:0.5|LayerCross15@0.5:0.5:0.42
796,Sweet,9,7,333,666,127,Custom:..XX..X../.X.X.XXXX/.X.XXXXX./XXXXXXXX./XXXXXXXXX/.XXXXXXX.@0:0:1|LayerPillar12@0.5:0.5:0.64|LayerLine12@0.5:0.5:0.49|LayerMiniDiamond9@0.5:0.5:0.5|LayerOffset12@0.5:0.5:0.42
797,Bug,9,7,333,666,127,Custom:.XXXXXX./..XXXX../.XXXXX../XXXXXXXX/XXXXXXXX/XXXXXXXX@0:0:1|LayerCross15@0.5:0.5:0.64|LayerStagger9@0.5:0.5:0.49|LayerDiagonal6@0.5:0.5:0.5|LayerDiamond15@0.5:0.5:0.42
798,Vehicle,9,7,333,666,127,Custom:XXXX.X../XXXX.X.X/XXX.XX.X/XXX.XXX./XXXXXXXX/XXXXXXXX@0:0:1|LayerStagger9@0.5:0.5:0.64|LayerMiniDiamond9@0.5:0.5:0.49|LayerLine12@0.5:0.5:0.5|LayerPillar12@0.5:0.5:0.42
799,Weather,9,7,333,666,127,Custom:....XX.X./.XXXXXX../..XXXXXX./XXXXXXXX./XXXXXXX.X/X.XXXXXXX@0:0:1|LayerOffset12@0.5:0.5:0.64|LayerCross15@0.5:0.5:0.49|LayerCap18@0.5:0.5:0.5|LayerStagger9@0.5:0.5:0.42
800,Fantasy,9,7,346,692,148,Custom:XXX..X.X/...XX.X./...XX.X./..X..XXX/XXXXXXXX/XXXXXXXX/XXXXXXXX@0:0:1|LayerBlock9@0.5:0.5:0.64|LayerOffset12@0.5:0.5:0.49|LayerCross15@0.5:0.5:0.5|LayerCrown15@0.5:0.5:0.42
801,Fantasy,9,7,334,668,128,Custom:XX..XXX./.XXXXXX./X.XX..../XX..X.../XXXXXX../XXXXXXXX/XXXXXXXX@0:0:1|LayerLine12@0.5:0.5:0.64|LayerPillar12@0.5:0.5:0.49|LayerOffset12@0.5:0.5:0.5|LayerMiniDiamond9@0.5:0.5:0.42
802,Food,9,7,334,668,128,Custom:...XXX.../..XXXXXX./..X.XXXX./X....XX.X/..XXXXXX./.XXXXXXX./XXXXXXXX.@0:0:1|LayerCorners12@0.5:0.5:0.64|LayerDiagonal6@0.5:0.5:0.49|LayerDiamond15@0.5:0.5:0.5|LayerDiagonal6@0.5:0.5:0.42
803,Plant,9,7,334,668,128,Custom:X...X.XX/X.X....X/XXXXXXXX/XXXXXXXX/XXXXXXXX/XXXXXXXX@0:0:1|LayerCrown15@0.5:0.5:0.64|LayerLine12@0.5:0.5:0.49|LayerPillar12@0.5:0.5:0.5|LayerLine12@0.5:0.5:0.42
804,Animal,9,7,334,668,128,Custom:..XXXXX./.XXXXX.X/.XXXXXX./.XXXXXXX/XXXXXXXX/.XXXXXXX@0:0:1|LayerDiamond15@0.5:0.5:0.64|LayerStagger9@0.5:0.5:0.49|LayerStagger9@0.5:0.5:0.5|LayerCap18@0.5:0.5:0.42
805,Sweet,9,7,335,670,128,Custom:XXX.X.X../XXXXXXX../XXXXXXX../XXXXXXX.X/.XXXXXX../XXXXXX...@0:0:1|LayerCap18@0.5:0.5:0.64|LayerMiniDiamond9@0.5:0.5:0.49|LayerCrown15@0.5:0.5:0.5|LayerCross15@0.5:0.5:0.42
806,Bug,9,7,335,670,128,Custom:XXXX.X../XXXX.XX./.XXXXXXX/.XXXXXXX/.XXXXXX./XXXXXXXX@0:0:1|LayerPillar12@0.5:0.5:0.64|LayerCross15@0.5:0.5:0.49|LayerMiniDiamond9@0.5:0.5:0.5|LayerOffset12@0.5:0.5:0.42
807,Vehicle,9,7,335,670,128,Custom:X......X/.XX...XX/XX.X..XX/XX..XXXX/XXXXXXXX/XXXXXXXX/X..XXXXX@0:0:1|LayerCross15@0.5:0.5:0.64|LayerOffset12@0.5:0.5:0.49|LayerDiagonal6@0.5:0.5:0.5|LayerDiamond15@0.5:0.5:0.42
808,Weather,9,7,335,670,129,Custom:.....XX../X.XXXXX.X/XXXXXXXXX/..XXXXXXX/.XXXXXX.X/XXXXXX..X@0:0:1|LayerStagger9@0.5:0.5:0.64|LayerPillar12@0.5:0.5:0.49|LayerLine12@0.5:0.5:0.5|LayerPillar12@0.5:0.5:0.42
809,Tool,9,7,335,670,129,Custom:.X..XX.X/XX...X../..XXXXX./...XXX../XXXXXXXX/XXXXXXXX/XXXXXXXX@0:0:1|LayerOffset12@0.5:0.5:0.64|LayerDiagonal6@0.5:0.5:0.49|LayerCap18@0.5:0.5:0.5|LayerStagger9@0.5:0.5:0.42
810,Fantasy,9,7,348,696,129,Custom:X.XX.XXX/X.XXXXXX/.XXXXXXX/.XXXXXX./.XXXXX../XXXXXXXX@0:0:1|LayerBlock9@0.5:0.5:0.64|LayerLine12@0.5:0.5:0.49|LayerCross15@0.5:0.5:0.5|LayerCrown15@0.5:0.5:0.42
811,Food,9,7,336,672,129,Custom:...XXX.X./XXXXXXX../.XXXXXX../.XXXXXX../XXXX.XXX./XXXXXXXXX@0:0:1|LayerLine12@0.5:0.5:0.64|LayerStagger9@0.5:0.5:0.48|LayerOffset12@0.5:0.5:0.5|LayerMiniDiamond9@0.5:0.5:0.42
812,Plant,9,7,336,672,129,Custom:XX...XXX/X..XXXXX/.X.XXXX./XXXX.XXX/XXXXXXXX/XXXXXXXX@0:0:1|LayerCorners12@0.5:0.5:0.64|LayerMiniDiamond9@0.5:0.5:0.48|LayerDiamond15@0.5:0.5:0.5|LayerDiagonal6@0.5:0.5:0.42
813,Animal,9,7,336,672,129,Custom:...XX..X/X..XXXXX/XXX.XXXX/XX.XXXXX/XXXXXXXX/XXXXXXXX@0:0:1|LayerCrown15@0.5:0.5:0.64|LayerCross15@0.5:0.5:0.48|LayerPillar12@0.5:0.5:0.5|LayerLine12@0.5:0.5:0.42
814,Sweet,9,7,337,674,129,Custom:.X...XXXX/X..XXXXXX/X....X..X/..X.XXXX./..XXXXXXX/X..XXXX.X/..XXXXXX.@0:0:1|LayerDiamond15@0.5:0.5:0.64|LayerOffset12@0.5:0.5:0.48|LayerStagger9@0.5:0.5:0.5|LayerCap18@0.5:0.5:0.42
815,Bug,9,7,337,674,129,Custom:..XX..X./..XXXXX./..XXXXX./.XXXXX.X/.XXXXXX./XXXXXXX./XXXXXXX.@0:0:1|LayerCap18@0.5:0.5:0.64|LayerPillar12@0.5:0.5:0.48|LayerCrown15@0.5:0.5:0.5|LayerCross15@0.5:0.5:0.42
816,Vehicle,9,7,337,674,130,Custom:...XXX.X/..XXXX../.XXXXXX./.X.XXXXX/..XXXXXX/..XXXXXX/X.XXXXXX@0:0:1|LayerPillar12@0.5:0.5:0.64|LayerDiagonal6@0.5:0.5:0.48|LayerMiniDiamond9@0.5:0.5:0.5|LayerOffset12@0.5:0.5:0.42
817,Weather,9,7,337,674,130,Custom:X....XX../XX...X.../XX.XXX.XX/XXXXXXXXX/XXXXXX.XX/XXXXXXXXX@0:0:1|LayerCross15@0.5:0.5:0.64|LayerLine12@0.5:0.5:0.48|LayerDiagonal6@0.5:0.5:0.5|LayerDiamond15@0.5:0.5:0.42
818,Tool,9,7,337,674,130,Custom:.XX...XX./..XX.XXX./...XX.X../XXXXXXXXX/XXXXXXXXX/XXXXXXXXX@0:0:1|LayerStagger9@0.5:0.5:0.64|LayerStagger9@0.5:0.5:0.48|LayerLine12@0.5:0.5:0.5|LayerPillar12@0.5:0.5:0.42
819,Fantasy,9,7,338,676,130,Custom:.XXXX.../.XXXXX../XXXXXX.X/XXXXXXXX/XXXXXXXX/XXXXXXX.@0:0:1|LayerOffset12@0.5:0.5:0.64|LayerMiniDiamond9@0.5:0.5:0.48|LayerCap18@0.5:0.5:0.5|LayerStagger9@0.5:0.5:0.42
820,Fantasy,9,7,350,700,130,PrettyMask42@0:0:1|LayerBlock9@0.5:0.5:0.64|LayerCross15@0.5:0.5:0.48|LayerCross15@0.5:0.5:0.5|LayerCrown15@0.5:0.5:0.42
821,Plant,10,7,338,676,130,Custom:....XX.X./..XXXXX../.XXXXX.../..XXX..../.XXXXX..X/XXXXXXXXX/X.XXXXXXX@0:0:1|LayerLine12@0.5:0.5:0.64|LayerOffset12@0.5:0.5:0.48|LayerOffset12@0.5:0.5:0.5|LayerMiniDiamond9@0.5:0.5:0.42
822,Animal,10,7,338,676,130,Custom:X......X/.X.XX.XX/.XXXXXXX/.XXXXX.X/..XXXXXX/.XXXXXX./XX.XXXXX@0:0:1|LayerCorners12@0.5:0.5:0.64|LayerPillar12@0.5:0.5:0.48|LayerDiamond15@0.5:0.5:0.5|LayerDiagonal6@0.5:0.5:0.42
823,Sweet,10,7,339,678,130,Custom:...XX..../..XXXXXX./...XXXXXX/XXXXX...X/.XXXXX.../.XXXXXX../.XXXXXXXX@0:0:1|LayerCrown15@0.5:0.5:0.64|LayerDiagonal6@0.5:0.5:0.48|LayerPillar12@0.5:0.5:0.5|LayerLine12@0.5:0.5:0.42
824,Bug,10,7,339,678,131,Custom:..XXXXX../..XXXXXX./..XXXXX../.XXXXXXX./.XXXXXXX./XXXXXXXXX@0:0:1|LayerDiamond15@0.5:0.5:0.64|LayerLine12@0.5:0.5:0.48|LayerStagger9@0.5:0.5:0.5|LayerCap18@0.5:0.5:0.42
825,Vehicle,10,7,339,678,151,Custom:XXXXX.../X.XXXX../.XXXXXX./XXXXXXX./XXXXXXXX/XXXXXXXX@0:0:1|LayerCap18@0.5:0.5:0.64|LayerStagger9@0.5:0.5:0.48|LayerCrown15@0.5:0.5:0.5|LayerCross15@0.5:0.5:0.42
826,Weather,10,7,339,678,131,Custom:..XXXX.../.XXXXXX../..XXXXXXX/..XXXXXX./.XXXXXX.X/XXXXXXXXX@0:0:1|LayerPillar12@0.5:0.5:0.64|LayerMiniDiamond9@0.5:0.5:0.48|LayerMiniDiamond9@0.5:0.5:0.5|LayerOffset12@0.5:0.5:0.42
827,Tool,10,7,339,678,131,Custom:XX...X..X/XX...XX../....XXX../XXX..X.../XXXX.XX../XXXXXXXXX/XXXXXXXXX@0:0:1|LayerCross15@0.5:0.5:0.64|LayerCross15@0.5:0.5:0.48|LayerDiagonal6@0.5:0.5:0.5|LayerDiamond15@0.5:0.5:0.42
828,Fantasy,10,7,340,680,131,Custom:..XXX.X./X.XXXXX./XXXXXXXX/..X.XX../..XXXXXX/..XXXXXX/..XXXXXX@0:0:1|LayerStagger9@0.5:0.5:0.64|LayerOffset12@0.5:0.5:0.48|LayerLine12@0.5:0.5:0.5|LayerPillar12@0.5:0.5:0.42
829,Food,10,7,340,680,131,Custom:..XXXX..X/...XXX.../..X.XXX../..XXXXX../...XXXX../XXXXXXXXX/XXXXXXXXX@0:0:1|LayerOffset12@0.5:0.5:0.64|LayerPillar12@0.5:0.5:0.48|LayerCap18@0.5:0.5:0.5|LayerStagger9@0.5:0.5:0.42
830,Fantasy,10,7,352,704,131,Custom:X..X.X.../.X.XXXXX./..XXXX.../...XXXX../.XXXXXX../XXXXXXX../XXXXXXXXX@0:0:1|LayerBlock9@0.5:0.5:0.64|LayerDiagonal6@0.5:0.5:0.48|LayerCross15@0.5:0.5:0.5|LayerCrown15@0.5:0.5:0.42
831,Animal,10,7,340,680,131,Custom:XXX....X/XXXXXX.X/XX.XX.X./XXXXXXXX/XXXXXXXX/XXXXXX.X@0:0:1|LayerLine12@0.5:0.5:0.64|LayerLine12@0.5:0.5:0.48|LayerOffset12@0.5:0.5:0.5|LayerMiniDiamond9@0.5:0.5:0.42
832,Sweet,10,7,341,682,132,Custom:....X...X/X...XXXXX/XX....XXX/XX.XXXXXX/XXXXXXXXX/XXXXXXXXX@0:0:1|LayerCorners12@0.5:0.5:0.64|LayerStagger9@0.5:0.5:0.48|LayerDiamond15@0.5:0.5:0.5|LayerDiagonal6@0.5:0.5:0.42
833,Bug,10,7,341,682,132,Custom:.XXXX.X../.XXXX..X./XXXX..X.X/XXXXX.X.X/XXXXXX.XX/XXXXXX.XX@0:0:1|LayerCrown15@0.5:0.5:0.64|LayerMiniDiamond9@0.5:0.5:0.48|LayerPillar12@0.5:0.5:0.5|LayerLine12@0.5:0.5:0.42
834,Vehicle,10,7,341,682,132,Custom:...XXXXX/......X./.X...XXX/XXXXXXXX/XXXX..XX/XX.XXXXX/XXXXXXXX@0:0:1|LayerDiamond15@0.5:0.5:0.64|LayerCross15@0.5:0.5:0.48|LayerStagger9@0.5:0.5:0.5|LayerCap18@0.5:0.5:0.42
835,Weather,10,7,341,682,132,Custom:......X../X..XX...X/X..XX..../X.XXXXX.X/XXXXXXXXX/X.XXXXXXX/.XXXXXXX.@0:0:1|LayerCap18@0.5:0.5:0.64|LayerOffset12@0.5:0.5:0.48|LayerCrown15@0.5:0.5:0.5|LayerCross15@0.5:0.5:0.42
836,Tool,10,7,341,682,132,Custom:.XXXXX.X./.XXXXX..X/..XXX..../...XXX.../...XXXX../.XXXXXXXX/XXXXXXXXX@0:0:1|LayerPillar12@0.5:0.5:0.64|LayerPillar12@0.5:0.5:0.48|LayerMiniDiamond9@0.5:0.5:0.5|LayerOffset12@0.5:0.5:0.42
837,Fantasy,10,7,342,684,132,Custom:..XX.X../X.XXX.../X.XXX.../.XXXXXXX/.XXXXXX./XXXXXXX./XXXXXXXX@0:0:1|LayerCross15@0.5:0.5:0.64|LayerDiagonal6@0.5:0.5:0.48|LayerDiagonal6@0.5:0.5:0.5|LayerDiamond15@0.5:0.5:0.42
838,Food,10,7,342,684,132,Custom:.....XX../X..XXXX../.XXXXXXX./.XXXXXXX./XXXXXXXXX/XXXXXXXXX@0:0:1|LayerStagger9@0.5:0.5:0.64|LayerLine12@0.5:0.5:0.48|LayerLine12@0.5:0.5:0.5|LayerPillar12@0.5:0.5:0.42
839,Plant,10,7,342,684,132,Custom:XXXXXX.../XXXXXXX../XXXXXX.../XXX.XX.../XXXXXX.X./XXXXXX.XX@0:0:1|LayerOffset12@0.5:0.5:0.64|LayerStagger9@0.5:0.5:0.48|LayerCap18@0.5:0.5:0.5|LayerStagger9@0.5:0.5:0.42
840,Fantasy,10,7,354,708,133,Custom:.XXX.X../XXXXXX.X/XXXXXXX./XXXXXX../XXXXXXX./XXXXXXXX@0:0:1|LayerBlock9@0.5:0.5:0.64|LayerMiniDiamond9@0.5:0.5:0.48|LayerCross15@0.5:0.5:0.5|LayerCrown15@0.5:0.5:0.42
841,Sweet,10,7,343,686,133,Custom:....X.XXX/.......XX/X..X.X.X./XXXXX..../X...XXXXX/XXXXXXXXX/XXXXXXXXX@0:0:1|LayerLine12@0.5:0.5:0.64|LayerCross15@0.5:0.5:0.48|LayerOffset12@0.5:0.5:0.5|LayerMiniDiamond9@0.5:0.5:0.42
842,Bug,10,7,343,686,133,Custom:XXX..XXX./..X....../...X...../..XXXXXX./.XXXXXXX./XXXXXXXXX/XXXXXXXXX@0:0:1|LayerCorners12@0.5:0.5:0.64|LayerOffset12@0.5:0.5:0.48|LayerDiamond15@0.5:0.5:0.5|LayerDiagonal6@0.5:0.5:0.42
843,Vehicle,10,7,343,686,133,Custom:....X.../XXX.XX../XXXXXXX./X.XX.XXX/XXXXXXX./XXXXXXX./XXXXXX..@0:0:1|LayerCrown15@0.5:0.5:0.64|LayerPillar12@0.5:0.5:0.48|LayerPillar12@0.5:0.5:0.5|LayerLine12@0.5:0.5:0.42
844,Weather,10,7,343,686,133,Custom:.XX.X..X./.X.X.XXX./X.X.XXXXX/XXXXXXXXX/.XXXXXX.X/..XXXXXXX@0:0:1|LayerDiamond15@0.5:0.5:0.64|LayerDiagonal6@0.5:0.5:0.48|LayerStagger9@0.5:0.5:0.5|LayerCap18@0.5:0.5:0.42
845,Tool,10,7,343,686,133,Custom:X.X.X..../XXXXXXXX./XXXXXXXX./XXXXXX.../XXXXXXX.X/XXXX...XX@0:0:1|LayerCap18@0.5:0.5:0.64|LayerLine12@0.5:0.5:0.48|LayerCrown15@0.5:0.5:0.5|LayerCross15@0.5:0.5:0.42
846,Fantasy,10,7,344,688,133,Custom:...X..XX/.XXXXXX./XXXXXXXX/XXXXXXXX/XXXXXXXX/XX..XXXX@0:0:1|LayerPillar12@0.5:0.5:0.64|LayerStagger9@0.5:0.5:0.48|LayerMiniDiamond9@0.5:0.5:0.5|LayerOffset12@0.5:0.5:0.42
847,Food,10,7,344,688,133,Custom:XX.XXXXXX/.XXXXXX../.X..XXXX./.X.XXX.XX/.XXXXXX../XXXXXXXX.@0:0:1|LayerCross15@0.5:0.5:0.64|LayerMiniDiamond9@0.5:0.5:0.48|LayerDiagonal6@0.5:0.5:0.5|LayerDiamond15@0.5:0.5:0.42
848,Plant,10,7,344,688,134,Custom:.X.XXX.../XX.XXXXX./...XX..../...XXX.../.XXXXX.../XXXXXXXXX/XXXXXXXXX@0:0:1|LayerStagger9@0.5:0.5:0.64|LayerCross15@0.5:0.5:0.48|LayerLine12@0.5:0.5:0.5|LayerPillar12@0.5:0.5:0.42
849,Animal,10,7,344,688,134,Custom:XX.XX.../.XX.X.../XXXXX.../X.XXXX.X/..XXXXX./XXXXXXXX/XXXXXXXX@0:0:1|LayerOffset12@0.5:0.5:0.64|LayerOffset12@0.5:0.5:0.48|LayerCap18@0.5:0.5:0.5|LayerStagger9@0.5:0.5:0.42
850,Fantasy,10,7,357,714,154,Custom:XXXX.XX./.XX.XX../.X...X../.XXXXX../XXXXXXX./XXX.XXXX/XXXXXXXX@0:0:1|LayerBlock9@0.5:0.5:0.64|LayerPillar12@0.5:0.5:0.48|LayerCross15@0.5:0.5:0.5|LayerCrown15@0.5:0.5:0.42
851,Bug,10,7,345,690,134,Custom:....X.X../...XXXX../..X.X.XX./.XXXXXXX./.XXXXXXX./..XXXXXX./XXXXXXXXX@0:0:1|LayerLine12@0.5:0.5:0.64|LayerDiagonal6@0.5:0.5:0.48|LayerOffset12@0.5:0.5:0.5|LayerMiniDiamond9@0.5:0.5:0.42
852,Vehicle,10,7,345,690,134,Custom:X.X..X../XX.XXX.X/.XXXXXXX/.XXXXXXX/XXXXXXXX/XXXXXXXX@0:0:1|LayerCorners12@0.5:0.5:0.64|LayerLine12@0.5:0.5:0.48|LayerDiamond15@0.5:0.5:0.5|LayerDiagonal6@0.5:0.5:0.42
853,Weather,10,7,345,690,134,Custom:X.X.X..XX/..XXXXX../.XXXXXX../.XXXXXXX./.XXXXXXXX/XX.XXXXXX@0:0:1|LayerCrown15@0.5:0.5:0.64|LayerStagger9@0.5:0.5:0.48|LayerPillar12@0.5:0.5:0.5|LayerLine12@0.5:0.5:0.42
854,Tool,10,7,345,690,134,Custom:...XXXX../...XXXXX./.XXXXXXXX/.X.XX.XX./XXXXXXXXX/.XXXXXXXX@0:0:1|LayerDiamond15@0.5:0.5:0.64|LayerMiniDiamond9@0.5:0.5:0.48|LayerStagger9@0.5:0.5:0.5|LayerCap18@0.5:0.5:0.42
855,Fantasy,10,7,346,692,134,Custom:.XX.XXXX/.XXXXXX./.XX.XX../XXXXXXX./XX.XX.XX/...XXX.X/.XXXXXX.@0:0:1|LayerCap18@0.5:0.5:0.64|LayerCross15@0.5:0.5:0.48|LayerCrown15@0.5:0.5:0.5|LayerCross15@0.5:0.5:0.42
856,Food,10,7,346,692,135,Custom:.X.XXXXXX/.XX.XXXX./.....XX../...XXX.../..XXXXX../..XXXXXXX/XXXXXXXXX@0:0:1|LayerPillar12@0.5:0.5:0.64|LayerOffset12@0.5:0.5:0.48|LayerMiniDiamond9@0.5:0.5:0.5|LayerOffset12@0.5:0.5:0.42
857,Plant,10,7,346,692,135,Custom:.....XXXX/.X..XX.../...XXX.../...XXX.X./.XXXXXXX./XXXXXXXXX/XXXXXXXXX@0:0:1|LayerCross15@0.5:0.5:0.64|LayerPillar12@0.5:0.5:0.48|LayerDiagonal6@0.5:0.5:0.5|LayerDiamond15@0.5:0.5:0.42
858,Animal,10,7,346,692,135,Custom:XX.XX.XX/XXXXXX../X.XXXXX./.XXXXX../.XXXXXX./..XXX.X./.XXXXXX.@0:0:1|LayerStagger9@0.5:0.5:0.64|LayerDiagonal6@0.5:0.5:0.48|LayerLine12@0.5:0.5:0.5|LayerPillar12@0.5:0.5:0.42
859,Sweet,10,7,346,692,135,Custom:XXX.X..../X.XX..X../XXXXXXX../.XXXXXXX./XXXXXXXX./XXXXXXXXX@0:0:1|LayerOffset12@0.5:0.5:0.64|LayerLine12@0.5:0.5:0.48|LayerCap18@0.5:0.5:0.5|LayerStagger9@0.5:0.5:0.42
860,Fantasy,10,7,359,718,135,Custom:...XXXX../..XXXXXX./....XX.XX/..XXXXXXX/XXXXXXXXX/XXXXXXXXX@0:0:1|LayerBlock9@0.5:0.5:0.64|LayerStagger9@0.5:0.5:0.48|LayerCross15@0.5:0.5:0.5|LayerCrown15@0.5:0.5:0.42
861,Vehicle,10,7,347,694,135,Custom:.X..X.X./.XX.XXXX/X.XXXXXX/.XXXXXXX/XXXXXXXX/XXXXXXXX@0:0:1|LayerLine12@0.5:0.5:0.64|LayerMiniDiamond9@0.5:0.5:0.48|LayerOffset12@0.5:0.5:0.5|LayerMiniDiamond9@0.5:0.5:0.42
862,Weather,10,7,347,694,135,Custom:..X..X../..XXX.../.XXXX.XX/.XXXXXXX/XXXXXXX./XXXXXXX./XXXXXXX.@0:0:1|LayerCorners12@0.5:0.5:0.64|LayerCross15@0.5:0.5:0.48|LayerDiamond15@0.5:0.5:0.5|LayerDiagonal6@0.5:0.5:0.42
863,Tool,10,7,347,694,135,Custom:..X.XX.../.X..XX.../....XXX.X/..XXXXXX./.XXXXXX.X/.XXXXXX.X/XXXXXXXXX@0:0:1|LayerCrown15@0.5:0.5:0.64|LayerOffset12@0.5:0.5:0.48|LayerPillar12@0.5:0.5:0.5|LayerLine12@0.5:0.5:0.42
864,Fantasy,10,7,348,696,136,Custom:...X..../XX...XXX/.XXXXXXX/XXXXXXXX/XXXXXXXX/XX.XX.X./.XXX.XX.@0:0:1|LayerDiamond15@0.5:0.5:0.64|LayerPillar12@0.5:0.5:0.48|LayerStagger9@0.5:0.5:0.5|LayerCap18@0.5:0.5:0.42
865,Food,10,7,348,696,136,Custom:.XXXXXX./.X..XXX./.....X../..XXXXXX/XXXXXXXX/XX..XXXX/XXXXXXXX@0:0:1|LayerCap18@0.5:0.5:0.64|LayerDiagonal6@0.5:0.5:0.48|LayerCrown15@0.5:0.5:0.5|LayerCross15@0.5:0.5:0.42
866,Plant,10,7,348,696,136,Custom:XX.XXXXX./XX.XXXX.X/XXX....XX/..X.....X/XXXXXXXXX/XXXXXXXXX@0:0:1|LayerPillar12@0.5:0.5:0.64|LayerLine12@0.5:0.5:0.48|LayerMiniDiamond9@0.5:0.5:0.5|LayerOffset12@0.5:0.5:0.42
867,Animal,10,7,348,696,136,Custom:.X.XXX../XXXXXX../.XXXXXX./XXXXXXX./XXXXXXXX/XXXXXXXX@0:0:1|LayerCross15@0.5:0.5:0.64|LayerStagger9@0.5:0.5:0.48|LayerDiagonal6@0.5:0.5:0.5|LayerDiamond15@0.5:0.5:0.42
868,Sweet,10,7,348,696,136,Custom:...XXXXX/...XXX.X/.XXXXXX./XXXXXXXX/XXXXXXXX/XXXXXXXX@0:0:1|LayerStagger9@0.5:0.5:0.64|LayerMiniDiamond9@0.5:0.5:0.48|LayerLine12@0.5:0.5:0.5|LayerPillar12@0.5:0.5:0.42
869,Bug,10,7,349,698,136,Custom:.XX.X..X./.X...XXX./...X.XXX./...XXX.../...XXXXXX/XXXXXXXXX/XXXXXXXXX@0:0:1|LayerOffset12@0.5:0.5:0.64|LayerCross15@0.5:0.5:0.48|LayerCap18@0.5:0.5:0.5|LayerStagger9@0.5:0.5:0.42
870,Fantasy,10,7,361,722,136,Custom:X.XXXX.X/....X.../....X.X./.XXXXXXX/.XXXXXXX/XXXXXXXX/XXXXXXXX@0:0:1|LayerBlock9@0.5:0.5:0.64|LayerOffset12@0.5:0.5:0.48|LayerCross15@0.5:0.5:0.5|LayerCrown15@0.5:0.5:0.42
871,Weather,10,7,349,698,136,Custom:X.XXXX../.XXX..../XXXX..../XXXXXX../.XXXXXX./XXXXXXX./XXXXXXXX@0:0:1|LayerLine12@0.5:0.5:0.64|LayerPillar12@0.5:0.5:0.48|LayerOffset12@0.5:0.5:0.5|LayerMiniDiamond9@0.5:0.5:0.42
872,Tool,10,7,349,698,137,Custom:.X...X.../.XX..X.X./XXXX.XX../..XXXXX../.XXXXX.../XXXXXX.XX/XXXXXXXXX@0:0:1|LayerCorners12@0.5:0.5:0.64|LayerDiagonal6@0.5:0.5:0.48|LayerDiamond15@0.5:0.5:0.5|LayerDiagonal6@0.5:0.5:0.42
873,Fantasy,10,7,350,700,137,Custom:XX.XXX../XXXXXX../XXXXXX../XXXXXXX./XXXXXXX./XXXXXXXX@0:0:1|LayerCrown15@0.5:0.5:0.64|LayerLine12@0.5:0.5:0.48|LayerPillar12@0.5:0.5:0.5|LayerLine12@0.5:0.5:0.42
874,Food,10,7,350,700,137,Custom:X.X.XX../X.XXXXX./X.XXXXX./XXXXXXX./XXXXXXXX/XXXXXXXX@0:0:1|LayerDiamond15@0.5:0.5:0.64|LayerStagger9@0.5:0.5:0.48|LayerStagger9@0.5:0.5:0.5|LayerCap18@0.5:0.5:0.42
875,Plant,10,7,350,700,157,Custom:..XX.X.../.XXX.XXXX/..XX.XX.X/XXXXXXX../XXXXXXXX./XXXXXXXXX@0:0:1|LayerCap18@0.5:0.5:0.64|LayerMiniDiamond9@0.5:0.5:0.48|LayerCrown15@0.5:0.5:0.5|LayerCross15@0.5:0.5:0.42
876,Animal,10,7,350,700,137,Custom:XXXXX..X/XXXX.X.X/XX.....X/XXX.X.../..XXXX../XXXXXXXX/XXXXXXXX@0:0:1|LayerPillar12@0.5:0.5:0.64|LayerCross15@0.5:0.5:0.48|LayerMiniDiamond9@0.5:0.5:0.5|LayerOffset12@0.5:0.5:0.42
877,Sweet,10,7,350,700,137,Custom:......X./..XXXXXX/..XXXXXX/..X.XXXX/..XXXXXX/XXXXXXXX/X.XXXXXX@0:0:1|LayerCross15@0.5:0.5:0.64|LayerOffset12@0.5:0.5:0.48|LayerDiagonal6@0.5:0.5:0.5|LayerDiamond15@0.5:0.5:0.42
878,Bug,10,7,351,702,137,Custom:..XX.X.../..X.XXXXX/..XXXX.../..XXXXX../...XXXXX./..XXXXXXX/XXXXXXXXX@0:0:1|LayerStagger9@0.5:0.5:0.64|LayerPillar12@0.5:0.5:0.48|LayerLine12@0.5:0.5:0.5|LayerPillar12@0.5:0.5:0.42
879,Vehicle,10,7,351,702,137,Custom:X......X/X....XXX/X...X..X/X..XXXXX/XXXXXXXX/XXXXXXXX/XXXXXXXX@0:0:1|LayerOffset12@0.5:0.5:0.64|LayerDiagonal6@0.5:0.5:0.48|LayerCap18@0.5:0.5:0.5|LayerStagger9@0.5:0.5:0.42
880,Fantasy,10,7,363,726,138,Custom:.XXXX.X./.XXXX.../XXXXXXX./XXXXXXXX/XXXXXXXX/.XXXXXXX@0:0:1|LayerBlock9@0.5:0.5:0.64|LayerLine12@0.5:0.5:0.48|LayerCross15@0.5:0.5:0.5|LayerCrown15@0.5:0.5:0.42
881,Tool,10,7,351,702,138,Custom:.X.XXXX../.XXXX.X.X/XX..XXX../..XXXXX.X/X.XXXXXXX/XXXXXXXXX@0:0:1|LayerLine12@0.5:0.5:0.64|LayerStagger9@0.5:0.5:0.48|LayerOffset12@0.5:0.5:0.5|LayerMiniDiamond9@0.5:0.5:0.42
882,Fantasy,10,7,352,704,138,Custom:.XXXXX../XXXXXXX./.XXXXXX./.XXXXXXX/X.XXXXXX/XXXXXXX.@0:0:1|LayerCorners12@0.5:0.5:0.64|LayerMiniDiamond9@0.5:0.5:0.48|LayerDiamond15@0.5:0.5:0.5|LayerDiagonal6@0.5:0.5:0.42
883,Food,10,7,352,704,138,Custom:......X./XX..XX.X/..XXXXX./.XXXXXXX/.XXXXXXX/XXXXXX.X/XX.XXXXX@0:0:1|LayerCrown15@0.5:0.5:0.64|LayerCross15@0.5:0.5:0.48|LayerPillar12@0.5:0.5:0.5|LayerLine12@0.5:0.5:0.42
884,Plant,10,7,352,704,138,Custom:..XXX.XXX/.......X./.XXXXXXXX/...XX..X./.XXXX..../.XXXXXXXX/XXXXXXXXX@0:0:1|LayerDiamond15@0.5:0.5:0.64|LayerOffset12@0.5:0.5:0.48|LayerStagger9@0.5:0.5:0.5|LayerCap18@0.5:0.5:0.42
885,Animal,10,7,352,704,138,Custom:X......X/XX...XXX/X...XXXX/XX..XXXX/XX...XXX/XXXXXXXX/XXXXXXXX@0:0:1|LayerCap18@0.5:0.5:0.64|LayerPillar12@0.5:0.5:0.48|LayerCrown15@0.5:0.5:0.5|LayerCross15@0.5:0.5:0.42
886,Sweet,10,7,352,704,138,Custom:.X.X..../XX...X.X/..XXXXXX/XXXXXXXX/X..XXXXX/XX.X.XXX/.XXXXXXX@0:0:1|LayerPillar12@0.5:0.5:0.64|LayerDiagonal6@0.5:0.5:0.48|LayerMiniDiamond9@0.5:0.5:0.5|LayerOffset12@0.5:0.5:0.42
887,Bug,10,7,353,706,138,Custom:..XXXX..X/.XX.XX.../.XXXXX.../XXXXXX..X/XXXXXXXXX/XXXXXXXXX@0:0:1|LayerCross15@0.5:0.5:0.64|LayerLine12@0.5:0.5:0.48|LayerDiagonal6@0.5:0.5:0.5|LayerDiamond15@0.5:0.5:0.42
888,Vehicle,10,7,353,706,139,Custom:...XX.XX/X.XXXX.X/XXXXXX../.XXXXXXX/XXXXXXXX/XXXXXXXX@0:0:1|LayerStagger9@0.5:0.5:0.64|LayerStagger9@0.5:0.5:0.48|LayerLine12@0.5:0.5:0.5|LayerPillar12@0.5:0.5:0.42
889,Weather,10,7,353,706,139,Custom:X.X...../.XXX.XXX/.XXXXXXX/XXXXXXXX/XXXXXXXX/XXXXXXXX@0:0:1|LayerOffset12@0.5:0.5:0.64|LayerMiniDiamond9@0.5:0.5:0.48|LayerCap18@0.5:0.5:0.5|LayerStagger9@0.5:0.5:0.42
890,Fantasy,10,7,365,730,139,Custom:.XX....X./XXXXX.X../.XXXXXX../.XXXXXXX./X.XXXXX.X/..XXXXX../..XX.X.XX@0:0:1|LayerBlock9@0.5:0.5:0.64|LayerCross15@0.5:0.5:0.48|LayerCross15@0.5:0.5:0.5|LayerCrown15@0.5:0.5:0.42
891,Fantasy,10,7,354,708,139,Custom:XX.XXXX./...X..X./....X..X/..XXXXXX/XXXXX.XX/XXXXXXXX/XXXXXXXX@0:0:1|LayerLine12@0.5:0.5:0.64|LayerOffset12@0.5:0.5:0.48|LayerOffset12@0.5:0.5:0.5|LayerMiniDiamond9@0.5:0.5:0.42
892,Food,10,7,354,708,139,Custom:......XX/.....XXX/X.XXXXXX/XXXXXXXX/XXXXXXXX/..XXXXXX/.X..XXXX@0:0:1|LayerCorners12@0.5:0.5:0.64|LayerPillar12@0.5:0.5:0.48|LayerDiamond15@0.5:0.5:0.5|LayerDiagonal6@0.5:0.5:0.42
893,Plant,10,7,354,708,139,Custom:X......../X..X...../.XXXX..X./.XXXXXXX./.XXXXXXXX/.XXXXXXX./XXXXXXXXX@0:0:1|LayerCrown15@0.5:0.5:0.64|LayerDiagonal6@0.5:0.5:0.48|LayerPillar12@0.5:0.5:0.5|LayerLine12@0.5:0.5:0.42
894,Animal,10,7,354,708,139,Custom:X.XXX.../XXXXXXXX/XXXXXXXX/XXXXXXXX/XXX.XXXX/..XXXX..@0:0:1|LayerDiamond15@0.5:0.5:0.64|LayerLine12@0.5:0.5:0.48|LayerStagger9@0.5:0.5:0.5|LayerCap18@0.5:0.5:0.42
895,Sweet,10,7,354,708,139,Custom:.XXX.XXX/...XXXXX/..XXXX.X/X.XXXXXX/XXXXXXXX/XXXXXXXX@0:0:1|LayerCap18@0.5:0.5:0.64|LayerStagger9@0.5:0.5:0.48|LayerCrown15@0.5:0.5:0.5|LayerCross15@0.5:0.5:0.42
896,Bug,10,7,355,710,140,Custom:..X.XXX.X/..XX..XX./..XXXXX../XXXXXX..X/XXXXXXXXX/XXXXXXXXX@0:0:1|LayerPillar12@0.5:0.5:0.64|LayerMiniDiamond9@0.5:0.5:0.48|LayerMiniDiamond9@0.5:0.5:0.5|LayerOffset12@0.5:0.5:0.42
897,Vehicle,10,7,355,710,140,Custom:.X.XXX../X.XXX..X/XXX.X.../.XXXX.../XXXXXX../XXXXXXXX/XXXXXXXX@0:0:1|LayerCross15@0.5:0.5:0.64|LayerCross15@0.5:0.5:0.48|LayerDiagonal6@0.5:0.5:0.5|LayerDiamond15@0.5:0.5:0.42
898,Weather,10,7,355,710,140,Custom:.X..XXX/.XXXXX./.XXXXX./.XXXXX./XXXXXX./XXXXXXX/XXXXXXX@0:0:1|LayerStagger9@0.5:0.5:0.64|LayerOffset12@0.5:0.5:0.48|LayerLine12@0.5:0.5:0.5|LayerPillar12@0.5:0.5:0.42
899,Tool,10,7,355,710,140,Custom:XX......./..XX...../.XXX.X.../XXXXXXX.X/XX.XXXXX./.XXXXXXX./XXXXXXXXX@0:0:1|LayerOffset12@0.5:0.5:0.64|LayerPillar12@0.5:0.5:0.48|LayerCap18@0.5:0.5:0.5|LayerStagger9@0.5:0.5:0.42
900,Fantasy,10,7,368,736,160,Custom:......X./XXX..XXX/XXXXXXXX/XXXXXXXX/XXXXXXXX/XXXXXXXX@0:0:1|LayerBlock9@0.5:0.5:0.64|LayerDiagonal6@0.5:0.5:0.48|LayerCross15@0.5:0.5:0.5|LayerCrown15@0.5:0.5:0.42
901,Food,10,7,362,724,140,Custom:XX.XXXXX/..X.X.XX/XXXXX.XX/XXXXXXXX/XXXXXXXX/XXXXXXXX@0:0:1|LayerLine12@0.5:0.5:0.64|LayerLine12@0.5:0.5:0.48|LayerOffset12@0.5:0.5:0.5|LayerMiniDiamond9@0.5:0.5:0.42
902,Plant,10,7,362,724,140,Custom:..X....../XXX...X.X/XXXXXXXXX/XXXXXXXXX/XXXXXXXXX/XXXXXXXXX@0:0:1|LayerCorners12@0.5:0.5:0.64|LayerStagger9@0.5:0.5:0.48|LayerDiamond15@0.5:0.5:0.5|LayerDiagonal6@0.5:0.5:0.42
903,Animal,10,7,362,724,140,Custom:XXX...XX/XX.XXXX./XXXXX.XX/XXXXXXXX/XXXXXXXX/XXXXXXXX@0:0:1|LayerCrown15@0.5:0.5:0.64|LayerMiniDiamond9@0.5:0.5:0.48|LayerPillar12@0.5:0.5:0.5|LayerLine12@0.5:0.5:0.42
904,Sweet,10,7,362,724,141,Custom:.XX.XX.X/.XXXXXXX/..XXXXXX/X.XXXXXX/.X.XXXX./.XXXXXXX/..XXXXX.@0:0:1|LayerDiamond15@0.5:0.5:0.64|LayerCross15@0.5:0.5:0.48|LayerStagger9@0.5:0.5:0.5|LayerCap18@0.5:0.5:0.42
905,Bug,10,7,363,726,141,Custom:XXXX..XX./.X..XX.XX/..XXXXX.X/..X..XX../XXXX..X../XXXXXXXX./XXXXXXXXX@0:0:1|LayerCap18@0.5:0.5:0.64|LayerOffset12@0.5:0.5:0.48|LayerCrown15@0.5:0.5:0.5|LayerCross15@0.5:0.5:0.42
906,Vehicle,10,7,363,726,141,Custom:XXX.X..X./.X.....X./.XX.XX.../.XXXXXX../.XXXXXXXX/XXXXX.XXX/XXXXXXXXX@0:0:1|LayerPillar12@0.5:0.5:0.64|LayerPillar12@0.5:0.5:0.48|LayerMiniDiamond9@0.5:0.5:0.5|LayerOffset12@0.5:0.5:0.42
907,Weather,10,7,363,726,141,Custom:XX....../XXXXX.../XXXX.XX./XXX..XXX/XXXX.XXX/XXXXXXXX/XXXXXXXX@0:0:1|LayerCross15@0.5:0.5:0.64|LayerDiagonal6@0.5:0.5:0.48|LayerDiagonal6@0.5:0.5:0.5|LayerDiamond15@0.5:0.5:0.42
908,Tool,10,7,363,726,141,Custom:..XX....X/XXX..X.XX/XXXXXXXXX/XXXXXXXX./..XXXXXXX/XXXXXXXXX@0:0:1|LayerStagger9@0.5:0.5:0.64|LayerLine12@0.5:0.5:0.48|LayerLine12@0.5:0.5:0.5|LayerPillar12@0.5:0.5:0.42
909,Fantasy,10,7,363,726,141,Custom:XXX...X../...XXXXX./.XXXXXXXX/XXXXXXXXX/.XXXXXXX./XXXXXXXXX@0:0:1|LayerOffset12@0.5:0.5:0.64|LayerStagger9@0.5:0.5:0.48|LayerCap18@0.5:0.5:0.5|LayerStagger9@0.5:0.5:0.42
910,Fantasy,10,7,376,752,141,Custom:XXXX..X./XXXXX.../XXXXXXXX/XXXXXXXX/XXXXXXXX/XXXXXXXX@0:0:1|LayerBlock9@0.5:0.5:0.64|LayerMiniDiamond9@0.5:0.5:0.48|LayerCross15@0.5:0.5:0.5|LayerCrown15@0.5:0.5:0.42
911,Plant,10,7,364,728,141,Custom:X.XXX..../XXXXX..../XXXXX.X../XXXXXXXXX/X.XXXXX../XXXXX...X/XXXXXX...@0:0:1|LayerLine12@0.5:0.5:0.64|LayerCross15@0.5:0.5:0.48|LayerOffset12@0.5:0.5:0.5|LayerMiniDiamond9@0.5:0.5:0.42
912,Animal,10,7,364,728,142,Custom:..XX..XX./XX...XXXX/....XXXXX/..XXXXXXX/...XXXXX./XXXXXXXX./.XXX.XXXX@0:0:1|LayerCorners12@0.5:0.5:0.64|LayerOffset12@0.5:0.5:0.48|LayerDiamond15@0.5:0.5:0.5|LayerDiagonal6@0.5:0.5:0.42
913,Sweet,10,7,364,728,142,Custom:.XX.XXX./.XXX..XX/..XXXXXX/..XXXXX./.XXXXX.X/.XXXXXXX/XXXXXXXX@0:0:1|LayerCrown15@0.5:0.5:0.64|LayerPillar12@0.5:0.5:0.48|LayerPillar12@0.5:0.5:0.5|LayerLine12@0.5:0.5:0.42
914,Bug,10,7,365,730,142,Custom:.XXXXX../..XXXX../.XXXXXXX/XXXX.XXX/.X.XXXX./.XXXXXXX/XXXXXXX.@0:0:1|LayerDiamond15@0.5:0.5:0.64|LayerDiagonal6@0.5:0.5:0.48|LayerStagger9@0.5:0.5:0.5|LayerCap18@0.5:0.5:0.42
915,Vehicle,10,7,365,730,142,Custom:.X.X.XXX./.XXXXXX.X/XXXXXXX../.X.XXXXX./XXXXXXXXX/XXXXXX.XX@0:0:1|LayerCap18@0.5:0.5:0.64|LayerLine12@0.5:0.5:0.48|LayerCrown15@0.5:0.5:0.5|LayerCross15@0.5:0.5:0.42
916,Weather,10,7,365,730,142,Custom:.XXXXXX./XXXX.XXX/XXXXX..X/XX.XXXXX/XXXXXXXX/XXXXXXXX@0:0:1|LayerPillar12@0.5:0.5:0.64|LayerStagger9@0.5:0.5:0.48|LayerMiniDiamond9@0.5:0.5:0.5|LayerOffset12@0.5:0.5:0.42
917,Tool,10,7,365,730,142,Custom:XXXXXX.../.XXX.XX../.XXXXXX../.XXXXXXX./XXXXXXXXX/XXXXXXXXX@0:0:1|LayerCross15@0.5:0.5:0.64|LayerMiniDiamond9@0.5:0.5:0.48|LayerDiagonal6@0.5:0.5:0.5|LayerDiamond15@0.5:0.5:0.42
918,Fantasy,10,7,365,730,142,Custom:X..XXXX../.XXXXX.../X.XXX...X/..XXXX.../XXXXXXX../XXXXXXXX./XXXXXX.XX@0:0:1|LayerStagger9@0.5:0.5:0.64|LayerCross15@0.5:0.5:0.48|LayerLine12@0.5:0.5:0.5|LayerPillar12@0.5:0.5:0.42
919,Food,10,7,366,732,142,Custom:...XXX../..XXXX../.XXXX.XX/XXXXXXXX/X..XXXXX/XXXXXXX./XXXXXXXX@0:0:1|LayerOffset12@0.5:0.5:0.64|LayerOffset12@0.5:0.5:0.48|LayerCap18@0.5:0.5:0.5|LayerStagger9@0.5:0.5:0.42
920,Fantasy,10,7,378,756,143,Custom:...XXX.../..XXXX.../X.XXXXXXX/XXXXXXXXX/XXXXXXXXX/XXXXXXXXX@0:0:1|LayerBlock9@0.5:0.5:0.64|LayerPillar12@0.5:0.5:0.48|LayerCross15@0.5:0.5:0.5|LayerCrown15@0.5:0.5:0.42
921,Animal,10,7,366,732,143,Custom:.XX.X..../.XXXX.XX./X.XXXXXX./.XXXXXXXX/.XXXXXXX./..XXXXX../.XXXXXX..@0:0:1|LayerLine12@0.5:0.5:0.64|LayerDiagonal6@0.5:0.5:0.48|LayerOffset12@0.5:0.5:0.5|LayerMiniDiamond9@0.5:0.5:0.42
922,Sweet,10,7,366,732,143,Custom:XXX.XX../.XXXXXXX/X.XXXXXX/.XXXXXXX/XXXXXXXX/XXXXXXXX@0:0:1|LayerCorners12@0.5:0.5:0.64|LayerLine12@0.5:0.5:0.48|LayerDiamond15@0.5:0.5:0.5|LayerDiagonal6@0.5:0.5:0.42
923,Bug,10,7,367,734,143,Custom:.XXX...../..XXX..XX/XXXXXXXX./XXXX.XXXX/XXXXXXXXX/XXXXXXXXX@0:0:1|LayerCrown15@0.5:0.5:0.64|LayerStagger9@0.5:0.5:0.48|LayerPillar12@0.5:0.5:0.5|LayerLine12@0.5:0.5:0.42
924,Vehicle,10,7,367,734,143,Custom:.X.XXXXXX/..X.XXXXX/.XXXX.XXX/.XXXXXXXX/XXXX.XXX./XX..XXXXX@0:0:1|LayerDiamond15@0.5:0.5:0.64|LayerMiniDiamond9@0.5:0.5:0.48|LayerStagger9@0.5:0.5:0.5|LayerCap18@0.5:0.5:0.42
925,Weather,10,7,367,734,163,Custom:X.X...X./X....XXX/.X.XX.X./XXXXXX.X/XXXXXXXX/XXXXXXXX/XXXXXXXX@0:0:1|LayerCap18@0.5:0.5:0.64|LayerCross15@0.5:0.5:0.48|LayerCrown15@0.5:0.5:0.5|LayerCross15@0.5:0.5:0.42
926,Tool,10,7,367,734,143,Custom:XXX..X.X./X.XXXXX../..XXXXX../.X..XXX../X.XXXXX.X/X..XXXX.X/XXXXXXXXX@0:0:1|LayerPillar12@0.5:0.5:0.64|LayerOffset12@0.5:0.5:0.48|LayerMiniDiamond9@0.5:0.5:0.5|LayerOffset12@0.5:0.5:0.42
927,Fantasy,10,7,367,734,143,Custom:X.XX.XX./..XXXXX./..XXXX../XXXXXXXX/XX..XX.X/X.XXXXXX/XXXXXXXX@0:0:1|LayerCross15@0.5:0.5:0.64|LayerPillar12@0.5:0.5:0.48|LayerDiagonal6@0.5:0.5:0.5|LayerDiamond15@0.5:0.5:0.42
928,Food,10,7,368,736,144,Custom:XXX..X../XXXXXXXX/.X.X.XX./X...XX../XXXXXXX./XXXXXXXX/XXXXXXXX@0:0:1|LayerStagger9@0.5:0.5:0.64|LayerDiagonal6@0.5:0.5:0.48|LayerLine12@0.5:0.5:0.5|LayerPillar12@0.5:0.5:0.42
929,Plant,10,7,368,736,144,Custom:XX......./X..XX.X.X/XXXXXX.XX/XXXXXXXXX/XXXXXXXXX/XXXXXXXXX@0:0:1|LayerOffset12@0.5:0.5:0.64|LayerLine12@0.5:0.5:0.48|LayerCap18@0.5:0.5:0.5|LayerStagger9@0.5:0.5:0.42
930,Fantasy,10,7,380,760,144,Custom:....X..X./X.XXXXXX./XXXXXXXX./.XXXXXXX./XXXXXXXXX/XXXXXXXXX@0:0:1|LayerBlock9@0.5:0.5:0.64|LayerStagger9@0.5:0.5:0.48|LayerCross15@0.5:0.5:0.5|LayerCrown15@0.5:0.5:0.42
931,Sweet,10,7,368,736,144,Custom:..XXXXXX/.XXXXXXX/XXXXXXXX/XXXXXXX./XX.XXXX./XXXXXXXX@0:0:1|LayerLine12@0.5:0.5:0.64|LayerMiniDiamond9@0.5:0.5:0.48|LayerOffset12@0.5:0.5:0.5|LayerMiniDiamond9@0.5:0.5:0.42
932,Bug,10,7,369,738,144,Custom:...XXXX../..X.XXXXX/XXX.XXXXX/..X.XXXXX/.X.XXXXXX/...XXXXX./..XXXXXX.@0:0:1|LayerCorners12@0.5:0.5:0.64|LayerCross15@0.5:0.5:0.48|LayerDiamond15@0.5:0.5:0.5|LayerDiagonal6@0.5:0.5:0.42
933,Vehicle,10,7,369,738,144,Custom:.X......./X.XX...../.XXX..X../XXXXXXXX./XXXXXXXX./XXXXXXXXX/XXXXXXXXX@0:0:1|LayerCrown15@0.5:0.5:0.64|LayerOffset12@0.5:0.5:0.48|LayerPillar12@0.5:0.5:0.5|LayerLine12@0.5:0.5:0.42
934,Weather,10,7,369,738,144,Custom:XX...XXX/XXXXXX.X/.XXX.XXX/..XXXX../XXXXXX../XXXXXXX./XXXXXXX.@0:0:1|LayerDiamond15@0.5:0.5:0.64|LayerPillar12@0.5:0.5:0.48|LayerStagger9@0.5:0.5:0.5|LayerCap18@0.5:0.5:0.42
935,Tool,10,7,369,738,144,Custom:..XXXXXXX/...XX.XXX/..XXXXXXX/.XXXXXX.X/XXXXXX..X/XXXXXXXXX@0:0:1|LayerCap18@0.5:0.5:0.64|LayerDiagonal6@0.5:0.5:0.48|LayerCrown15@0.5:0.5:0.5|LayerCross15@0.5:0.5:0.42
936,Fantasy,10,7,369,738,145,Custom:X....XXX./XXXXXXXXX/X..XXXXXX/.X..XXXXX/.X.XXXXXX/XXXXXXXXX@0:0:1|LayerPillar12@0.5:0.5:0.64|LayerLine12@0.5:0.5:0.48|LayerMiniDiamond9@0.5:0.5:0.5|LayerOffset12@0.5:0.5:0.42
937,Food,10,7,370,740,145,Custom:....XXXX/XXXXX.XX/XXXXXXXX/XXXXXXXX/.XXXXXXX/XXXXXXXX@0:0:1|LayerCross15@0.5:0.5:0.64|LayerStagger9@0.5:0.5:0.48|LayerDiagonal6@0.5:0.5:0.5|LayerDiamond15@0.5:0.5:0.42
938,Plant,10,7,370,740,145,Custom:XX....X.X/XXXXXXXX./XXXXXXX../XXXXXXXXX/X.XXXXXXX/.XXX..XXX@0:0:1|LayerStagger9@0.5:0.5:0.64|LayerMiniDiamond9@0.5:0.5:0.48|LayerLine12@0.5:0.5:0.5|LayerPillar12@0.5:0.5:0.42
939,Animal,10,7,370,740,145,Custom:XX..XXX../X..XX..../X..X.X.../XX.XXX..X/XXXXXXXXX/XXXXX.XXX/XXXXX.XXX@0:0:1|LayerOffset12@0.5:0.5:0.64|LayerCross15@0.5:0.5:0.48|LayerCap18@0.5:0.5:0.5|LayerStagger9@0.5:0.5:0.42
940,Fantasy,10,7,382,764,145,Custom:..XXX.../.XX.XXX./.XXXXXXX/XXXXXXXX/XXXXXXXX/.XXXXXX./.XXXXX..@0:0:1|LayerBlock9@0.5:0.5:0.64|LayerOffset12@0.5:0.5:0.48|LayerCross15@0.5:0.5:0.5|LayerCrown15@0.5:0.5:0.42
941,Bug,10,7,371,742,145,Custom:.X..XX.../.X.XXX.X./..XXXXXX./..XXXXX../X.XXXXXX./XXXXXXXXX/XXXXXXX..@0:0:1|LayerLine12@0.5:0.5:0.64|LayerPillar12@0.5:0.5:0.48|LayerOffset12@0.5:0.5:0.5|LayerMiniDiamond9@0.5:0.5:0.42
942,Vehicle,10,7,371,742,145,Custom:...XXX.../.X.XXXX../XXXXXXXX./XXXXXXXXX/XXXXXXXXX/XXXXX.XXX@0:0:1|LayerCorners12@0.5:0.5:0.64|LayerDiagonal6@0.5:0.5:0.48|LayerDiamond15@0.5:0.5:0.5|LayerDiagonal6@0.5:0.5:0.42
943,Weather,10,7,371,742,145,Custom:.XXXXXX./...XXXXX/XX.XXXXX/XXXXXXXX/XXXXXXXX/XXXXXXXX@0:0:1|LayerCrown15@0.5:0.5:0.64|LayerLine12@0.5:0.5:0.48|LayerPillar12@0.5:0.5:0.5|LayerLine12@0.5:0.5:0.42
944,Tool,10,7,371,742,146,Custom:.....XXX./.XXX.XXXX/.X.XXXXXX/..XXXXXXX/XXXXXXXXX/XXXXXXXXX@0:0:1|LayerDiamond15@0.5:0.5:0.64|LayerStagger9@0.5:0.5:0.48|LayerStagger9@0.5:0.5:0.5|LayerCap18@0.5:0.5:0.42
945,Fantasy,10,7,371,742,146,Custom:.XXX.X.XX/..XX.XX../XXXXXXX../XXXXXXX../XXXXXXXXX/XXXXXXXXX@0:0:1|LayerCap18@0.5:0.5:0.64|LayerMiniDiamond9@0.5:0.5:0.48|LayerCrown15@0.5:0.5:0.5|LayerCross15@0.5:0.5:0.42
946,Food,10,7,372,744,146,Custom:.X..XXX./.XXXXXX./.X.XXXX./.X.XXXXX/.X.XXXXX/XX.XXXXX/XXXXXXXX@0:0:1|LayerPillar12@0.5:0.5:0.64|LayerCross15@0.5:0.5:0.48|LayerMiniDiamond9@0.5:0.5:0.5|LayerOffset12@0.5:0.5:0.42
947,Plant,10,7,372,744,146,Custom:...XX.../XXXXXXXX/..X.XXXX/...XXXXX/.XXXXXXX/.XXXXXXX/XXXXXXXX@0:0:1|LayerCross15@0.5:0.5:0.64|LayerOffset12@0.5:0.5:0.48|LayerDiagonal6@0.5:0.5:0.5|LayerDiamond15@0.5:0.5:0.42
948,Animal,10,7,372,744,146,Custom:..X...XX./...X...XX/..XX..XX./.XXXXXXX./XXXXX.XXX/XXXXXX.XX/XXXXXXXXX@0:0:1|LayerStagger9@0.5:0.5:0.64|LayerPillar12@0.5:0.5:0.48|LayerLine12@0.5:0.5:0.5|LayerPillar12@0.5:0.5:0.42
949,Sweet,10,7,372,744,146,Custom:..XXXX.X/XXXXXXXX/XXXXXX../XXXXXXX./XXXXXXXX/XXXXXXXX@0:0:1|LayerOffset12@0.5:0.5:0.64|LayerDiagonal6@0.5:0.5:0.48|LayerCap18@0.5:0.5:0.5|LayerStagger9@0.5:0.5:0.42
950,Fantasy,10,7,385,770,166,Custom:...XXX.XX/X.XXXXX.X/XXXXXXXXX/X.XXXXXXX/.XXXXX.XX/.XX.XXXX.@0:0:1|LayerBlock9@0.5:0.5:0.64|LayerLine12@0.5:0.5:0.48|LayerCross15@0.5:0.5:0.5|LayerCrown15@0.5:0.5:0.42
951,Vehicle,10,7,373,746,146,Custom:....X.X../XX..X.XXX/XXXXXXXXX/.XXXXXXXX/X.XXXXXXX/XXXXXXXXX@0:0:1|LayerLine12@0.5:0.5:0.64|LayerStagger9@0.5:0.5:0.48|LayerOffset12@0.5:0.5:0.5|LayerMiniDiamond9@0.5:0.5:0.42
952,Weather,10,7,373,746,147,Custom:X.XXX..X/XX.XX.XX/XXXXXXXX/XXXXXXX./XXXXXXXX/XXXXXXXX@0:0:1|LayerCorners12@0.5:0.5:0.64|LayerMiniDiamond9@0.5:0.5:0.48|LayerDiamond15@0.5:0.5:0.5|LayerDiagonal6@0.5:0.5:0.42
953,Tool,10,7,373,746,147,Custom:..XXXX../..X.XXX./.XXXXXX./XXXXXXXX/.XXXXXXX/.XXXXXXX/.XXXXXX.@0:0:1|LayerCrown15@0.5:0.5:0.64|LayerCross15@0.5:0.5:0.48|LayerPillar12@0.5:0.5:0.5|LayerLine12@0.5:0.5:0.42
954,Fantasy,10,7,373,746,147,Custom:.XXXXX.X./X..XXXXXX/....XX..X/...XXX.../..XXXX..X/XXXXXXXXX/XXXXXXXXX@0:0:1|LayerDiamond15@0.5:0.5:0.64|LayerOffset12@0.5:0.5:0.48|LayerStagger9@0.5:0.5:0.5|LayerCap18@0.5:0.5:0.42
955,Food,10,7,374,748,147,Custom:XX...X.X/.XX..XX./X...XXXX/XXXXXXX./X.XX.XXX/XXXXXXXX/XXXXXXXX@0:0:1|LayerCap18@0.5:0.5:0.64|LayerPillar12@0.5:0.5:0.48|LayerCrown15@0.5:0.5:0.5|LayerCross15@0.5:0.5:0.42
956,Plant,10,7,374,748,147,Custom:.XXXXXXX/X.XXXX.X/.XXXXXXX/.XXXXXXX/.XXXXXXX/XXXXXXXX@0:0:1|LayerPillar12@0.5:0.5:0.64|LayerDiagonal6@0.5:0.5:0.48|LayerMiniDiamond9@0.5:0.5:0.5|LayerOffset12@0.5:0.5:0.42
957,Animal,10,7,374,748,147,Custom:.XX..X.../..XXX.X.X/XXXXXXXXX/X.XXXXX.X/XXXXXXXXX/XXXXXXXXX@0:0:1|LayerCross15@0.5:0.5:0.64|LayerLine12@0.5:0.5:0.48|LayerDiagonal6@0.5:0.5:0.5|LayerDiamond15@0.5:0.5:0.42
958,Sweet,10,7,374,748,147,Custom:..X.XX../X.XXXXXX/XXXXXXXX/XXXXXXXX/XXXXXXXX/XXXXXXXX@0:0:1|LayerStagger9@0.5:0.5:0.64|LayerStagger9@0.5:0.5:0.48|LayerLine12@0.5:0.5:0.5|LayerPillar12@0.5:0.5:0.42
959,Bug,10,7,374,748,147,Custom:X...XX../.XXXXXXX/XXXXXXXX/XXXXXXXX/XXXXXXXX/XXXXXXXX@0:0:1|LayerOffset12@0.5:0.5:0.64|LayerMiniDiamond9@0.5:0.5:0.48|LayerCap18@0.5:0.5:0.5|LayerStagger9@0.5:0.5:0.42
960,Fantasy,10,7,387,774,148,Custom:.XX.XXXX./X...X..XX/...XXXX.X/X..XXXXXX/...XXXXX./..XXXXXXX/XXXXXXXX.@0:0:1|LayerBlock9@0.5:0.5:0.64|LayerCross15@0.5:0.5:0.48|LayerCross15@0.5:0.5:0.5|LayerCrown15@0.5:0.5:0.42
961,Weather,10,7,375,750,148,Custom:XXX.XXX./...XXXXX/..X..X.X/..XXXXXX/XX.X.XXX/XXXXXXXX/XXXXXXXX@0:0:1|LayerLine12@0.5:0.5:0.64|LayerOffset12@0.5:0.5:0.48|LayerOffset12@0.5:0.5:0.5|LayerMiniDiamond9@0.5:0.5:0.42
962,Tool,10,7,375,750,148,Custom:XXX.XXXX/XX..XXX./...XXXX./..XXXX../.XXXXXX./XXXXXXXX/XXXXXXXX@0:0:1|LayerCorners12@0.5:0.5:0.64|LayerPillar12@0.5:0.5:0.48|LayerDiamond15@0.5:0.5:0.5|LayerDiagonal6@0.5:0.5:0.42
963,Fantasy,10,7,375,750,148,Custom:...XXXXX./..XXXXXX./.XXXXXXXX/XXXXXXXX./XXXXXXX../XXXXXXX.X@0:0:1|LayerCrown15@0.5:0.5:0.64|LayerDiagonal6@0.5:0.5:0.48|LayerPillar12@0.5:0.5:0.5|LayerLine12@0.5:0.5:0.42
964,Food,10,7,376,752,148,Custom:XXX.X.XX/.XXXXXXX/XXXX.XX./XXXXXXXX/.XXXXXXX/XXXXXXXX@0:0:1|LayerDiamond15@0.5:0.5:0.64|LayerLine12@0.5:0.5:0.48|LayerStagger9@0.5:0.5:0.5|LayerCap18@0.5:0.5:0.42
965,Plant,10,7,376,752,148,Custom:..XXXX.X/.XX.X.XX/XXXXXXXX/XXXXXXXX/XXXXXXXX/XXXXXXXX@0:0:1|LayerCap18@0.5:0.5:0.64|LayerStagger9@0.5:0.5:0.48|LayerCrown15@0.5:0.5:0.5|LayerCross15@0.5:0.5:0.42
966,Animal,10,7,376,752,148,Custom:.XXX.XXX./.XXXXX.../XXXXXX.X./XXXXXXX../XXXXXXXXX/.XXXXXXXX@0:0:1|LayerPillar12@0.5:0.5:0.64|LayerMiniDiamond9@0.5:0.5:0.48|LayerMiniDiamond9@0.5:0.5:0.5|LayerOffset12@0.5:0.5:0.42
967,Sweet,10,7,376,752,148,Custom:..X.XX../..XXXX../XXXXXXXX/..XXXXX./XXXXXXXX/X.XXXX.X/XXXXXXXX@0:0:1|LayerCross15@0.5:0.5:0.64|LayerCross15@0.5:0.5:0.48|LayerDiagonal6@0.5:0.5:0.5|LayerDiamond15@0.5:0.5:0.42
968,Bug,10,7,376,752,149,Custom:X.X..X.X/.XXX..XX/.XXX..XX/.XXXXXX./.XXXXXX./XXXXXXXX/XXXXXXXX@0:0:1|LayerStagger9@0.5:0.5:0.64|LayerOffset12@0.5:0.5:0.48|LayerLine12@0.5:0.5:0.5|LayerPillar12@0.5:0.5:0.42
969,Vehicle,10,7,377,754,149,Custom:....X..../XXXXXXX../.....XXX./.XXXXXX../XXXXXXXX./XXXXXXXXX/.XXXXXXXX@0:0:1|LayerOffset12@0.5:0.5:0.64|LayerPillar12@0.5:0.5:0.48|LayerCap18@0.5:0.5:0.5|LayerStagger9@0.5:0.5:0.42
970,Fantasy,10,7,389,778,149,Custom:.XXXXX../XXXXXXX./XXXXXXX./.XXXXXXX/XXXXXXXX/XXXXXXXX@0:0:1|LayerBlock9@0.5:0.5:0.64|LayerDiagonal6@0.5:0.5:0.48|LayerCross15@0.5:0.5:0.5|LayerCrown15@0.5:0.5:0.42
971,Tool,10,7,377,754,149,Custom:XX...XXX/XXX..XXX/.XXXXXXX/XXXXXXXX/XXXXXXXX/XXXXXXXX@0:0:1|LayerLine12@0.5:0.5:0.64|LayerLine12@0.5:0.5:0.48|LayerOffset12@0.5:0.5:0.5|LayerMiniDiamond9@0.5:0.5:0.42
972,Fantasy,10,7,377,754,149,Custom:XXX.X.XX./XXX...XX./.XXXXXXX./.XXXXXXX./XXXXXXXX./XXXXXXXXX@0:0:1|LayerCorners12@0.5:0.5:0.64|LayerStagger9@0.5:0.5:0.48|LayerDiamond15@0.5:0.5:0.5|LayerDiagonal6@0.5:0.5:0.42
973,Food,10,7,378,756,149,Custom:X.....XX/XXXXXXXX/.XXXXXXX/XXXXXXXX/XXXXXXXX/XXXXXXXX@0:0:1|LayerCrown15@0.5:0.5:0.64|LayerMiniDiamond9@0.5:0.5:0.48|LayerPillar12@0.5:0.5:0.5|LayerLine12@0.5:0.5:0.42
974,Plant,10,7,378,756,149,Custom:XX...X.X/XX...XX./XXX..XXX/XX..XXXX/XXXXXXXX/XX.XXXXX/XX.XXXXX@0:0:1|LayerDiamond15@0.5:0.5:0.64|LayerCross15@0.5:0.5:0.48|LayerStagger9@0.5:0.5:0.5|LayerCap18@0.5:0.5:0.42
975,Animal,10,7,378,756,169,Custom:..X..XX../...XXXX../..XXXXXXX/...XX.XXX/..XXXXXXX/.XXXXXXX./XXXXXXXXX@0:0:1|LayerCap18@0.5:0.5:0.64|LayerOffset12@0.5:0.5:0.48|LayerCrown15@0.5:0.5:0.5|LayerCross15@0.5:0.5:0.42
976,Sweet,10,7,378,756,150,Custom:XX..XX./XX.XXX./XX.XXXX/XXXXXXX/.XXXXXX/XXXXXXX/XXXXXXX@0:0:1|LayerPillar12@0.5:0.5:0.64|LayerPillar12@0.5:0.5:0.48|LayerMiniDiamond9@0.5:0.5:0.5|LayerOffset12@0.5:0.5:0.42
977,Bug,10,7,378,756,150,Custom:.XX.XXX./.XXXXXXX/XXXXXXX./XXXXXXX./XXXXXXXX/XXXXXXXX@0:0:1|LayerCross15@0.5:0.5:0.64|LayerDiagonal6@0.5:0.5:0.48|LayerDiagonal6@0.5:0.5:0.5|LayerDiamond15@0.5:0.5:0.42
978,Vehicle,10,7,379,758,150,Custom:.X.X.XXXX/..XXX.XXX/...XXXXXX/XXXXXXXX./.XXXXXXXX/.XXXXXXXX@0:0:1|LayerStagger9@0.5:0.5:0.64|LayerLine12@0.5:0.5:0.48|LayerLine12@0.5:0.5:0.5|LayerPillar12@0.5:0.5:0.42
979,Weather,10,7,379,758,150,Custom:.XXX.XXX/.XXXXXXX/XXX..XXX/XXXXXXXX/XXXXXXX./XXXXXXXX@0:0:1|LayerOffset12@0.5:0.5:0.64|LayerStagger9@0.5:0.5:0.48|LayerCap18@0.5:0.5:0.5|LayerStagger9@0.5:0.5:0.42
980,Fantasy,10,7,391,782,150,Custom:XXXXXXX./XXXXX.X./XXXXXXX./XXXXXXX./XXXXXXXX/XXXXXXX.@0:0:1|LayerBlock9@0.5:0.5:0.64|LayerMiniDiamond9@0.5:0.5:0.48|LayerCross15@0.5:0.5:0.5|LayerCrown15@0.5:0.5:0.42
981,Fantasy,10,7,379,758,150,Custom:.XXX.X.../XXXX...XX/XXXXXXX../.XXXXX.../.XXXXXX../XXXXXXX../XXXXXXX..@0:0:1|LayerLine12@0.5:0.5:0.64|LayerCross15@0.5:0.5:0.48|LayerOffset12@0.5:0.5:0.5|LayerMiniDiamond9@0.5:0.5:0.42
982,Food,10,7,380,760,150,Custom:..XX..../..XXXX../XXXXXXX./XXXXXXX./XXXXXX../XXXXXXXX/XXXXXXXX@0:0:1|LayerCorners12@0.5:0.5:0.64|LayerOffset12@0.5:0.5:0.48|LayerDiamond15@0.5:0.5:0.5|LayerDiagonal6@0.5:0.5:0.42
983,Plant,10,7,380,760,150,Custom:..XX.XXX/XXXXX..X/.XXX..XX/.X.XXXXX/.X.XXXXX/X.XXXXXX/X.XXXXXX@0:0:1|LayerCrown15@0.5:0.5:0.64|LayerPillar12@0.5:0.5:0.48|LayerPillar12@0.5:0.5:0.5|LayerLine12@0.5:0.5:0.42
984,Animal,10,7,380,760,151,Custom:..XXXX.X./.XXXXX..X/XXXXXX.../XXXXXXX../XXXXXXXXX/XXXXXXXXX@0:0:1|LayerDiamond15@0.5:0.5:0.64|LayerDiagonal6@0.5:0.5:0.48|LayerStagger9@0.5:0.5:0.5|LayerCap18@0.5:0.5:0.42
985,Sweet,10,7,380,760,151,Custom:XXXX...X/XX.XX.XX/XXXXXXX./XXXXXXXX/XXXXXXXX/XXXXXXXX@0:0:1|LayerCap18@0.5:0.5:0.64|LayerLine12@0.5:0.5:0.48|LayerCrown15@0.5:0.5:0.5|LayerCross15@0.5:0.5:0.42
986,Bug,10,7,380,760,151,Custom:X.XXXXX./XX.XX..X/XX.XXXXX/XXXXXXXX/XXXXXXXX/XXXXXXXX@0:0:1|LayerPillar12@0.5:0.5:0.64|LayerStagger9@0.5:0.5:0.48|LayerMiniDiamond9@0.5:0.5:0.5|LayerOffset12@0.5:0.5:0.42
987,Vehicle,10,7,381,762,151,Custom:..XXX.X../.XXXXXX../X.XXXXX../XXXXXXXXX/XXXXXXXXX/.XXXXXXXX@0:0:1|LayerCross15@0.5:0.5:0.64|LayerMiniDiamond9@0.5:0.5:0.48|LayerDiagonal6@0.5:0.5:0.5|LayerDiamond15@0.5:0.5:0.42
988,Weather,10,7,381,762,151,Custom:XXXXX.../..XXX.../.XXXXXXX/XXXXXXXX/X.XXXX../XXXXXX../XXXXXXXX@0:0:1|LayerStagger9@0.5:0.5:0.64|LayerCross15@0.5:0.5:0.48|LayerLine12@0.5:0.5:0.5|LayerPillar12@0.5:0.5:0.42
989,Tool,10,7,381,762,151,Custom:.....XXX/..X..XXX/XXXXX.XX/XX.X.XXX/XXX.XXXX/XXX.XXXX/XXXXXXXX@0:0:1|LayerOffset12@0.5:0.5:0.64|LayerOffset12@0.5:0.5:0.48|LayerCap18@0.5:0.5:0.5|LayerStagger9@0.5:0.5:0.42
990,Fantasy,10,7,393,786,151,Custom:....XX.X./..X...XX./X....XXXX/XX.XXXXX./XXXXXXXX./.XXXXXXX./XXXXXXXXX@0:0:1|LayerBlock9@0.5:0.5:0.64|LayerPillar12@0.5:0.5:0.48|LayerCross15@0.5:0.5:0.5|LayerCrown15@0.5:0.5:0.42
991,Food,10,7,382,764,151,Custom:..X..XXX/XXXXXXXX/XXX.XX.X/XXXXXXXX/XXXXXXXX/XXXXXXXX@0:0:1|LayerLine12@0.5:0.5:0.64|LayerDiagonal6@0.5:0.5:0.48|LayerOffset12@0.5:0.5:0.5|LayerMiniDiamond9@0.5:0.5:0.42
992,Plant,10,7,382,764,152,Custom:X..XXX.X/XX.XX.XX/X.XXXXXX/XXXXXXXX/XXXXXXXX/XXXXXXXX@0:0:1|LayerCorners12@0.5:0.5:0.64|LayerLine12@0.5:0.5:0.48|LayerDiamond15@0.5:0.5:0.5|LayerDiagonal6@0.5:0.5:0.42
993,Animal,10,7,382,764,152,Custom:.XXXXXXX./..XXXXXXX/..XXXXX.X/..XXXXXX./..XXXXXXX/XXXXXXXXX@0:0:1|LayerCrown15@0.5:0.5:0.64|LayerStagger9@0.5:0.5:0.48|LayerPillar12@0.5:0.5:0.5|LayerLine12@0.5:0.5:0.42
994,Sweet,10,7,382,764,152,Custom:XX..XXXX/X..XXXXX/..XXXXXX/XXXXXXXX/XXXXXXXX/XXXXXXXX@0:0:1|LayerDiamond15@0.5:0.5:0.64|LayerMiniDiamond9@0.5:0.5:0.48|LayerStagger9@0.5:0.5:0.5|LayerCap18@0.5:0.5:0.42
995,Bug,10,7,382,764,152,Custom:X..XX.../.XXXXX../XXXX..../XXXXXXX./XXXXXXX./XXXXXXXX/XXXXXXXX@0:0:1|LayerCap18@0.5:0.5:0.64|LayerCross15@0.5:0.5:0.48|LayerCrown15@0.5:0.5:0.5|LayerCross15@0.5:0.5:0.42
996,Vehicle,10,7,383,766,152,Custom:...X.X.../..XX.XX.X/..XXXXX../...XXXX.X/.XXXXXXXX/XXXXXXXXX/.XXXXXXXX@0:0:1|LayerPillar12@0.5:0.5:0.64|LayerOffset12@0.5:0.5:0.48|LayerMiniDiamond9@0.5:0.5:0.5|LayerOffset12@0.5:0.5:0.42
997,Weather,10,7,383,766,152,Custom:XX..X.XX/X.X...XX/.XX..XXX/XX.XX.X./.XXXXXXX/XXXXXXXX/XXXXXXXX@0:0:1|LayerCross15@0.5:0.5:0.64|LayerPillar12@0.5:0.5:0.48|LayerDiagonal6@0.5:0.5:0.5|LayerDiamond15@0.5:0.5:0.42
998,Tool,10,7,383,766,152,Custom:..XXXXX./.XXXXXXX/XXXXXXXX/XXXXXXXX/XXXXXXX./XXXXXXX.@0:0:1|LayerStagger9@0.5:0.5:0.64|LayerDiagonal6@0.5:0.5:0.48|LayerLine12@0.5:0.5:0.5|LayerPillar12@0.5:0.5:0.42
999,Fantasy,10,7,383,766,152,Custom:.X.X.X.XX/.XXX..X../XXXXXXX.X/XXXXX.XXX/XXXX.XXXX/XXXXXXXXX@0:0:1|LayerOffset12@0.5:0.5:0.64|LayerLine12@0.5:0.5:0.48|LayerCap18@0.5:0.5:0.5|LayerStagger9@0.5:0.5:0.42
1000,Fantasy,10,7,396,792,173,Custom:.XXXXXXXX/.XXXXXX../...XXXX../..XXXXXX./XXXXXXXXX/XXXXXXXXX@0:0:1|LayerBlock9@0.5:0.5:0.64|LayerStagger9@0.5:0.5:0.48|LayerCross15@0.5:0.5:0.5|LayerCrown15@0.5:0.5:0.42
1001,Plant,10,7,384,768,153,Custom:XXXXXXXX/X..XXXXX/XXXX.XXX/XX...XXX/XXXXXXXX/XXXXXXXX@0:0:1|LayerLine12@0.5:0.5:0.64|LayerMiniDiamond9@0.5:0.5:0.48|LayerOffset12@0.5:0.5:0.5|LayerMiniDiamond9@0.5:0.5:0.42
1002,Animal,10,7,384,768,153,Custom:..XXXX..X/..XXXX.../..XXXX.../..XXXXX../X.XXXXXXX/XXXXXXXXX/..XXXXXXX@0:0:1|LayerCorners12@0.5:0.5:0.64|LayerCross15@0.5:0.5:0.48|LayerDiamond15@0.5:0.5:0.5|LayerDiagonal6@0.5:0.5:0.42
1003,Sweet,10,7,384,768,153,Custom:..X.....X/...XXX.../XXXXXX.XX/.XXXXXXX./X.XXXXXXX/...XXXXXX/X.XXXXXXX@0:0:1|LayerCrown15@0.5:0.5:0.64|LayerOffset12@0.5:0.5:0.48|LayerPillar12@0.5:0.5:0.5|LayerLine12@0.5:0.5:0.42
1004,Bug,10,7,384,768,153,Custom:...XX.../...XXX../X.XXXXXX/X.XXXXXX/XXXXXXX./XXXXXXXX/XXXXXXXX@0:0:1|LayerDiamond15@0.5:0.5:0.64|LayerPillar12@0.5:0.5:0.48|LayerStagger9@0.5:0.5:0.5|LayerCap18@0.5:0.5:0.42
1005,Vehicle,10,7,385,770,153,Custom:.XXX.XXX./...XXXXX./..XXXXXXX/.XXXXXXXX/..XXXXXXX/XXXXXXXXX@0:0:1|LayerCap18@0.5:0.5:0.64|LayerDiagonal6@0.5:0.5:0.48|LayerCrown15@0.5:0.5:0.5|LayerCross15@0.5:0.5:0.42
1006,Weather,10,7,385,770,153,Custom:.XXXXX.../.XXX.X.X./XXXX.XXXX/.XXXXXXXX/.XXXXXX.X/XXXXXXXXX@0:0:1|LayerPillar12@0.5:0.5:0.64|LayerLine12@0.5:0.5:0.48|LayerMiniDiamond9@0.5:0.5:0.5|LayerOffset12@0.5:0.5:0.42
1007,Tool,10,7,385,770,153,Custom:XX..XXX./XXXXXXXX/XXXXXXXX/XXXXXX../XXXX.XXX/XXXXXXXX@0:0:1|LayerCross15@0.5:0.5:0.64|LayerStagger9@0.5:0.5:0.48|LayerDiagonal6@0.5:0.5:0.5|LayerDiamond15@0.5:0.5:0.42
1008,Fantasy,10,7,385,770,154,Custom:...X.XX../..XXXXX.X/XXX.XXXXX/XXXX.XXX./XXXXXXXXX/XXXXXXXXX@0:0:1|LayerStagger9@0.5:0.5:0.64|LayerMiniDiamond9@0.5:0.5:0.48|LayerLine12@0.5:0.5:0.5|LayerPillar12@0.5:0.5:0.42
1009,Food,10,7,385,770,154,Custom:.X.X.X.../.XXX.X..X/.X.XXX.../..XXXXX../.XXXXXXX./XXXXXXXXX/XXXXXXXXX@0:0:1|LayerOffset12@0.5:0.5:0.64|LayerCross15@0.5:0.5:0.48|LayerCap18@0.5:0.5:0.5|LayerStagger9@0.5:0.5:0.42
1010,Fantasy,10,7,398,796,154,Custom:..XX..X./XX..XX../.XX.XX../XXXXXXXX/XXXXXXXX/XXXXXXXX/XXXXXXX.@0:0:1|LayerBlock9@0.5:0.5:0.64|LayerOffset12@0.5:0.5:0.48|LayerCross15@0.5:0.5:0.5|LayerCrown15@0.5:0.5:0.42
1011,Animal,10,7,386,772,154,Custom:.....X.X./XXXX.X.XX/XXXXXXX.X/XXXXXX..X/..XXXXX../X.XXXXXXX/..XXXXX..@0:0:1|LayerLine12@0.5:0.5:0.64|LayerPillar12@0.5:0.5:0.48|LayerOffset12@0.5:0.5:0.5|LayerMiniDiamond9@0.5:0.5:0.42
1012,Sweet,10,7,386,772,154,Custom:...XXXXX./...XXXXX./.XXXXXXXX/XXXXXXXX./XXXXXXXX./XXXXXXXX.@0:0:1|LayerCorners12@0.5:0.5:0.64|LayerDiagonal6@0.5:0.5:0.48|LayerDiamond15@0.5:0.5:0.5|LayerDiagonal6@0.5:0.5:0.42
1013,Bug,10,7,386,772,154,Custom:.XXXXX../.XXXXX../XXXXXXXX/XXXXXXXX/XXXXXXXX/XXXXXXXX@0:0:1|LayerCrown15@0.5:0.5:0.64|LayerLine12@0.5:0.5:0.48|LayerPillar12@0.5:0.5:0.5|LayerLine12@0.5:0.5:0.42
1014,Vehicle,10,7,387,774,154,Custom:..X....XX/XX.X....X/XX.XXXXXX/XXXXXXXXX/XXXXXXXXX/XXXXXXXXX@0:0:1|LayerDiamond15@0.5:0.5:0.64|LayerStagger9@0.5:0.5:0.48|LayerStagger9@0.5:0.5:0.5|LayerCap18@0.5:0.5:0.42
1015,Weather,10,7,387,774,154,Custom:....X.X../X.X.X.XXX/XXX.XXXXX/.XXXXXXXX/XXXXXXXXX/XXXXXXXXX@0:0:1|LayerCap18@0.5:0.5:0.64|LayerMiniDiamond9@0.5:0.5:0.48|LayerCrown15@0.5:0.5:0.5|LayerCross15@0.5:0.5:0.42
1016,Tool,10,7,387,774,155,Custom:X...XXX./.....XX./X.X.XXXX/XX.XXXXX/XXXXXXXX/X.XXXXXX/XXXXXXXX@0:0:1|LayerPillar12@0.5:0.5:0.64|LayerCross15@0.5:0.5:0.48|LayerMiniDiamond9@0.5:0.5:0.5|LayerOffset12@0.5:0.5:0.42
1017,Fantasy,10,7,387,774,155,Custom:..XX...X./..XXX..../X.X.XXXXX/XX...XXXX/X..XXX.XX/XXXXXXXX./XXXXXXXXX@0:0:1|LayerCross15@0.5:0.5:0.64|LayerOffset12@0.5:0.5:0.48|LayerDiagonal6@0.5:0.5:0.5|LayerDiamond15@0.5:0.5:0.42
1018,Food,10,7,387,774,155,Custom:XX...X.X/XXXXXX.X/.XXXXX../.XXXXXX./..XXXX../XXXXXXXX/XXXXXXXX@0:0:1|LayerStagger9@0.5:0.5:0.64|LayerPillar12@0.5:0.5:0.48|LayerLine12@0.5:0.5:0.5|LayerPillar12@0.5:0.5:0.42
1019,Plant,10,7,388,776,155,Custom:X.X..XX./XXXXXXXX/X.XXXXXX/.XXXXXXX/XXXXXXXX/XXXXXXXX@0:0:1|LayerOffset12@0.5:0.5:0.64|LayerDiagonal6@0.5:0.5:0.48|LayerCap18@0.5:0.5:0.5|LayerStagger9@0.5:0.5:0.42
1020,Fantasy,10,7,400,800,155,Custom:..X..XXX./..XXXXXXX/.XXXXX.XX/.XXXXXX.X/XXXX.XXXX/XXXXXXXXX@0:0:1|LayerBlock9@0.5:0.5:0.64|LayerLine12@0.5:0.5:0.48|LayerCross15@0.5:0.5:0.5|LayerCrown15@0.5:0.5:0.42
1021,Sweet,10,7,388,776,155,Custom:.XXXXXXX./.XXX.XXXX/.XXXXX.XX/..XXX.XXX/.XXX.XXX./XXXXXXXXX@0:0:1|LayerLine12@0.5:0.5:0.64|LayerStagger9@0.5:0.5:0.48|LayerOffset12@0.5:0.5:0.5|LayerMiniDiamond9@0.5:0.5:0.42
1022,Bug,10,7,388,776,155,Custom:.XXXXXX./.XXXXXX./XXXXXXXX/.XXXXXXX/XXXXXXXX/.XXXXXXX@0:0:1|LayerCorners12@0.5:0.5:0.64|LayerMiniDiamond9@0.5:0.5:0.48|LayerDiamond15@0.5:0.5:0.5|LayerDiagonal6@0.5:0.5:0.42
1023,Vehicle,10,7,389,778,155,Custom:XX.X....X/X.X.X..../XXX.XX.../XXXX.XX../XXXXXX.XX/XXXXXX.XX/XXXXXX.XX@0:0:1|LayerCrown15@0.5:0.5:0.64|LayerCross15@0.5:0.5:0.48|LayerPillar12@0.5:0.5:0.5|LayerLine12@0.5:0.5:0.42
1024,Weather,10,7,389,778,156,Custom:XXXXXXXXX/.XXXXXXXX/..X..XXXX/....XXX../...XXX.../XXX.XXX../XXXXXXXX.@0:0:1|LayerDiamond15@0.5:0.5:0.64|LayerOffset12@0.5:0.5:0.48|LayerStagger9@0.5:0.5:0.5|LayerCap18@0.5:0.5:0.42
1025,Tool,10,7,389,778,176,Custom:....X.X./X..XXXXX/..XXXXXX/.XXXXXX./XXXXXXX./XX.XXXXX/XXXXXXXX@0:0:1|LayerCap18@0.5:0.5:0.64|LayerPillar12@0.5:0.5:0.48|LayerCrown15@0.5:0.5:0.5|LayerCross15@0.5:0.5:0.42
1026,Fantasy,10,7,389,778,156,Custom:X..XXXX../XXXXXX.X./XXXXXX.X./.XXXXXXX./XXXXXXX../XXXXXXXXX@0:0:1|LayerPillar12@0.5:0.5:0.64|LayerDiagonal6@0.5:0.5:0.48|LayerMiniDiamond9@0.5:0.5:0.5|LayerOffset12@0.5:0.5:0.42
1027,Food,10,7,389,778,156,Custom:.XXXX..X./..XXXX.X./XXXXXXXXX/X.XXXXXX./XX.XXXXXX/XXXXXX.XX@0:0:1|LayerCross15@0.5:0.5:0.64|LayerLine12@0.5:0.5:0.48|LayerDiagonal6@0.5:0.5:0.5|LayerDiamond15@0.5:0.5:0.42
1028,Plant,10,7,390,780,156,Custom:..XX..X./.XXXXXXX/XXXXXXXX/XXXXXXXX/XXXXXXXX/XXXXXXXX@0:0:1|LayerStagger9@0.5:0.5:0.64|LayerStagger9@0.5:0.5:0.48|LayerLine12@0.5:0.5:0.5|LayerPillar12@0.5:0.5:0.42
1029,Animal,10,7,390,780,156,Custom:.XXXX..X./.XXXXXX../.XXXXXXXX/XXXXXX..X/XXXXXXXX./.XXXXXXXX@0:0:1|LayerOffset12@0.5:0.5:0.64|LayerMiniDiamond9@0.5:0.5:0.48|LayerCap18@0.5:0.5:0.5|LayerStagger9@0.5:0.5:0.42
1030,Fantasy,10,7,402,804,156,Custom:....X..XX/...XXX.../.XXXXX.../.XXX.XX../XXXXXXXX./XXXXXXXXX/XXXXXXXXX@0:0:1|LayerBlock9@0.5:0.5:0.64|LayerCross15@0.5:0.5:0.48|LayerCross15@0.5:0.5:0.5|LayerCrown15@0.5:0.5:0.42
1031,Bug,10,7,390,780,156,Custom:XX.....X/XXX..X.X/.X..X.XX/.XXXXXXX/XXXXXXX./XXXXXXXX/XXXXXXXX@0:0:1|LayerLine12@0.5:0.5:0.64|LayerOffset12@0.5:0.5:0.48|LayerOffset12@0.5:0.5:0.5|LayerMiniDiamond9@0.5:0.5:0.42
1032,Vehicle,10,7,391,782,157,Custom:XXXXX...X/X.XXXX..X/.X.XXX.X./...XXX.../X.XXXXX../XXXXXXXXX/XXXXXX..X@0:0:1|LayerCorners12@0.5:0.5:0.64|LayerPillar12@0.5:0.5:0.48|LayerDiamond15@0.5:0.5:0.5|LayerDiagonal6@0.5:0.5:0.42
1033,Weather,10,7,391,782,157,Custom:..XXXX.XX/X.X...XXX/...XXXXXX/.XXXXXX.X/XXXXXXXXX/XXXXXXXXX@0:0:1|LayerCrown15@0.5:0.5:0.64|LayerDiagonal6@0.5:0.5:0.48|LayerPillar12@0.5:0.5:0.5|LayerLine12@0.5:0.5:0.42
1034,Tool,10,7,391,782,157,Custom:X.XXXXX./.XXXXXX./..XXXXXX/XXXXXXXX/XXXXXXXX/XXXXXXXX@0:0:1|LayerDiamond15@0.5:0.5:0.64|LayerLine12@0.5:0.5:0.48|LayerStagger9@0.5:0.5:0.5|LayerCap18@0.5:0.5:0.42
1035,Fantasy,10,7,391,782,157,Custom:..XXXXX../..XXXXXX./.XXXXXXX./X.XXXXXX./X.XXXXXXX/XXXXXXXXX@0:0:1|LayerCap18@0.5:0.5:0.64|LayerStagger9@0.5:0.5:0.48|LayerCrown15@0.5:0.5:0.5|LayerCross15@0.5:0.5:0.42
1036,Food,10,7,391,782,157,Custom:X..XX.XX./XXXXX..X./XXXXXXXX./.XXXXX.XX/..XXXXXXX/XXXXXXXXX@0:0:1|LayerPillar12@0.5:0.5:0.64|LayerMiniDiamond9@0.5:0.5:0.48|LayerMiniDiamond9@0.5:0.5:0.5|LayerOffset12@0.5:0.5:0.42
1037,Plant,10,7,392,784,157,Custom:...X.X.X/.XX.XXX./X...XX../X.XXXXXX/XXXXXXXX/XXXXXXXX/XXXXXXXX@0:0:1|LayerCross15@0.5:0.5:0.64|LayerCross15@0.5:0.5:0.48|LayerDiagonal6@0.5:0.5:0.5|LayerDiamond15@0.5:0.5:0.42
1038,Animal,10,7,392,784,157,Custom:X..X....X/X..XX..../XXXXX...X/XXXXX.XXX/XXXXXXXX./XXXX.XXXX/XXX...XXX@0:0:1|LayerStagger9@0.5:0.5:0.64|LayerOffset12@0.5:0.5:0.48|LayerLine12@0.5:0.5:0.5|LayerPillar12@0.5:0.5:0.42
1039,Sweet,10,7,392,784,157,Custom:...X....X/..XX.X.../.X.XX.X.X/..XXXX.XX/XXXXX.XXX/XXXXXXXXX/XXXXXXXXX@0:0:1|LayerOffset12@0.5:0.5:0.64|LayerPillar12@0.5:0.5:0.48|LayerCap18@0.5:0.5:0.5|LayerStagger9@0.5:0.5:0.42
1040,Fantasy,10,7,404,808,158,Custom:X..X.XXX/XXXXXXXX/.XXXXXXX/.XXXXXXX/XX.XXXXX/XXXXXXXX@0:0:1|LayerBlock9@0.5:0.5:0.64|LayerDiagonal6@0.5:0.5:0.48|LayerCross15@0.5:0.5:0.5|LayerCrown15@0.5:0.5:0.42
1041,Vehicle,10,7,393,786,158,Custom:XXXX.XXX./XXXXXX..X/X.XXXX.../XXXXXXXX./XXXXXXX../XXXXXXXX.@0:0:1|LayerLine12@0.5:0.5:0.64|LayerLine12@0.5:0.5:0.48|LayerOffset12@0.5:0.5:0.5|LayerMiniDiamond9@0.5:0.5:0.42
1042,Weather,10,7,393,786,158,Custom:.XXXXXX../XXXXXXX../XXXXXXX../XXXXXX.../XXXXXXX../XXXXXXXXX@0:0:1|LayerCorners12@0.5:0.5:0.64|LayerStagger9@0.5:0.5:0.48|LayerDiamond15@0.5:0.5:0.5|LayerDiagonal6@0.5:0.5:0.42
1043,Tool,10,7,393,786,158,Custom:.X..XXXX/XXX..X../X.X...X./XXXX..XX/XXXXXXXX/XXXXXXXX/XXXXXXXX@0:0:1|LayerCrown15@0.5:0.5:0.64|LayerMiniDiamond9@0.5:0.5:0.48|LayerPillar12@0.5:0.5:0.5|LayerLine12@0.5:0.5:0.42
1044,Fantasy,10,7,393,786,158,Custom:......X.X/..X..XX../.XX.X.XXX/XXXXXXXXX/.XXXXXXXX/..XXXXXXX/X.XXXXXX.@0:0:1|LayerDiamond15@0.5:0.5:0.64|LayerCross15@0.5:0.5:0.48|LayerStagger9@0.5:0.5:0.5|LayerCap18@0.5:0.5:0.42
1045,Food,10,7,393,786,158,Custom:.X....X../.X....XXX/XXX.XXXXX/XXXXX.XXX/XXXXXXX.X/XX.XXXXX./..X.XXX.X@0:0:1|LayerCap18@0.5:0.5:0.64|LayerOffset12@0.5:0.5:0.48|LayerCrown15@0.5:0.5:0.5|LayerCross15@0.5:0.5:0.42
1046,Plant,10,7,394,788,158,Custom:XXXXXX../.XXXXX../..XXXX.X/.XXXXXX./.XXX.XXX/..XXXXXX/XXXXXXXX@0:0:1|LayerPillar12@0.5:0.5:0.64|LayerPillar12@0.5:0.5:0.48|LayerMiniDiamond9@0.5:0.5:0.5|LayerOffset12@0.5:0.5:0.42
1047,Animal,10,7,394,788,158,Custom:X...XX.X/.XXXXX.X/XXXXXXXX/XXXXXXXX/XXXXXXXX/XXXXXXXX@0:0:1|LayerCross15@0.5:0.5:0.64|LayerDiagonal6@0.5:0.5:0.48|LayerDiagonal6@0.5:0.5:0.5|LayerDiamond15@0.5:0.5:0.42
1048,Sweet,10,7,394,788,159,Custom:..XX..X.X/X...XXXXX/X..XXXXXX/..XXXXXXX/XXXXXXXXX/XXXXXXXXX@0:0:1|LayerStagger9@0.5:0.5:0.64|LayerLine12@0.5:0.5:0.48|LayerLine12@0.5:0.5:0.5|LayerPillar12@0.5:0.5:0.42
1049,Bug,10,7,394,788,159,Custom:.XXXX.XX/..XXXXXX/.XXXXXXX/XXXXXXXX/XXXXXXXX/XXXXX.XX@0:0:1|LayerOffset12@0.5:0.5:0.64|LayerStagger9@0.5:0.5:0.48|LayerCap18@0.5:0.5:0.5|LayerStagger9@0.5:0.5:0.42
1050,Fantasy,10,7,407,814,179,Custom:XXXX..../XX.....X/X.X...XX/XXXXXXXX/XXXXXXXX/XXXXX.XX/XXXXXXXX@0:0:1|LayerBlock9@0.5:0.5:0.64|LayerMiniDiamond9@0.5:0.5:0.48|LayerCross15@0.5:0.5:0.5|LayerCrown15@0.5:0.5:0.42
1051,Weather,10,7,401,802,159,Custom:.XXX...X./.XXX..XX./XX.X..XX./XXXXX.XXX/XXXX.XXX./XXXXXXXX./XXXXXXXX.@0:0:1|LayerLine12@0.5:0.5:0.64|LayerCross15@0.5:0.5:0.48|LayerOffset12@0.5:0.5:0.5|LayerMiniDiamond9@0.5:0.5:0.42
1052,Tool,10,7,401,802,159,Custom:XXXXXX../XXXXXX../XXXXXX../.XXXX.X./.XXXXXXX/XXXXXXX./XXXXXXXX@0:0:1|LayerCorners12@0.5:0.5:0.64|LayerOffset12@0.5:0.5:0.48|LayerDiamond15@0.5:0.5:0.5|LayerDiagonal6@0.5:0.5:0.42
1053,Fantasy,10,7,401,802,159,Custom:X....XXX/XXXXXXXX/XXX.XXX./.X.XXXXX/.XXXXXXX/.XXXXXXX/XX.XXXXX@0:0:1|LayerCrown15@0.5:0.5:0.64|LayerPillar12@0.5:0.5:0.48|LayerPillar12@0.5:0.5:0.5|LayerLine12@0.5:0.5:0.42
1054,Food,10,7,401,802,159,Custom:...XXXXX./.XXXXXXX./.XXX.XXXX/.XXXXXXXX/XXXXXXXXX/XXXXXXXXX@0:0:1|LayerDiamond15@0.5:0.5:0.64|LayerDiagonal6@0.5:0.5:0.48|LayerStagger9@0.5:0.5:0.5|LayerCap18@0.5:0.5:0.42
1055,Plant,10,7,402,804,159,Custom:XX.X.XXX/XXXXXXXX/XXXXXXXX/XXXXXXXX/XXXXXXX./XXXXXXXX@0:0:1|LayerCap18@0.5:0.5:0.64|LayerLine12@0.5:0.5:0.48|LayerCrown15@0.5:0.5:0.5|LayerCross15@0.5:0.5:0.42
1056,Animal,10,7,402,804,160,Custom:XXX...XX/XXXXXXXX/XXXXXXXX/XXXXXXXX/XXXXXXXX/XXXXXXXX@0:0:1|LayerPillar12@0.5:0.5:0.64|LayerStagger9@0.5:0.5:0.48|LayerMiniDiamond9@0.5:0.5:0.5|LayerOffset12@0.5:0.5:0.42
1057,Sweet,10,7,402,804,160,Custom:XXX...XX./.XXX.XX../.XX.X..../XXX.X.XX./XXXXXXXX./XXXXXXXXX/XXXXXXXXX@0:0:1|LayerCross15@0.5:0.5:0.64|LayerMiniDiamond9@0.5:0.5:0.48|LayerDiagonal6@0.5:0.5:0.5|LayerDiamond15@0.5:0.5:0.42
1058,Bug,10,7,402,804,160,Custom:.XXXXXX./.XXXXXXX/X.XXXXXX/..XXXX../.XXXXXXX/.XXXXXXX/.XXXXXXX@0:0:1|LayerStagger9@0.5:0.5:0.64|LayerCross15@0.5:0.5:0.48|LayerLine12@0.5:0.5:0.5|LayerPillar12@0.5:0.5:0.42
1059,Vehicle,10,7,402,804,160,Custom:X..XXX../X..XXXXX/XX.XX.X./.XXXXXXX/XX.XXXXX/XXXXXXXX/XXXXXXXX@0:0:1|LayerOffset12@0.5:0.5:0.64|LayerOffset12@0.5:0.5:0.48|LayerCap18@0.5:0.5:0.5|LayerStagger9@0.5:0.5:0.42
1060,Fantasy,10,7,415,830,160,Custom:..XXXX.../XX.XXXX../..XXXXX../...XXXX../X.XXXXXXX/XXXXXXXXX/XXXXXXXXX@0:0:1|LayerBlock9@0.5:0.5:0.64|LayerPillar12@0.5:0.5:0.48|LayerCross15@0.5:0.5:0.5|LayerCrown15@0.5:0.5:0.42
1061,Tool,10,7,403,806,160,Custom:.X.XXXXX/.XXXXXXX/XXXXXXXX/XXXXXXXX/XXXXXXXX/XXXXXXXX@0:0:1|LayerLine12@0.5:0.5:0.64|LayerDiagonal6@0.5:0.5:0.48|LayerOffset12@0.5:0.5:0.5|LayerMiniDiamond9@0.5:0.5:0.42
1062,Fantasy,10,7,403,806,160,Custom:XXX.XXX./XXXXXXXX/XXXXXXX./XXXXXXXX/XXXXXXXX/XXXXXXXX@0:0:1|LayerCorners12@0.5:0.5:0.64|LayerLine12@0.5:0.5:0.48|LayerDiamond15@0.5:0.5:0.5|LayerDiagonal6@0.5:0.5:0.42
1063,Food,10,7,403,806,160,Custom:..X.XXXXX/X.XXXXXXX/..XXXXX../.XXXXXXXX/XXXXXXXXX/XXXXXXXXX@0:0:1|LayerCrown15@0.5:0.5:0.64|LayerStagger9@0.5:0.5:0.48|LayerPillar12@0.5:0.5:0.5|LayerLine12@0.5:0.5:0.42
1064,Plant,10,7,404,808,161,Custom:XXXXXX../XXXXXX../XXXXXX../XXXXXX../XXXXXX../XXXXXXX./XXXXXXXX@0:0:1|LayerDiamond15@0.5:0.5:0.64|LayerMiniDiamond9@0.5:0.5:0.48|LayerStagger9@0.5:0.5:0.5|LayerCap18@0.5:0.5:0.42
1065,Animal,10,7,404,808,161,Custom:.XXXXXX./.XXX..../XXXXXXX./XXXXXXX./XXXXXX../XXXXXXXX/XXXXXXXX@0:0:1|LayerCap18@0.5:0.5:0.64|LayerCross15@0.5:0.5:0.48|LayerCrown15@0.5:0.5:0.5|LayerCross15@0.5:0.5:0.42
1066,Sweet,10,7,404,808,161,Custom:X.XXX.X./XXXXX.X./XXXXXXXX/X.XXXXX./XXXXXXXX/.XXXXX../.XXXXXXX@0:0:1|LayerPillar12@0.5:0.5:0.64|LayerOffset12@0.5:0.5:0.48|LayerMiniDiamond9@0.5:0.5:0.5|LayerOffset12@0.5:0.5:0.42
1067,Bug,10,7,404,808,161,Custom:..XXXX../XX.XXX.X/XXXXXXXX/XX.X...X/XXXXXXXX/.XXXXXXX/XXXXXXXX@0:0:1|LayerCross15@0.5:0.5:0.64|LayerPillar12@0.5:0.5:0.48|LayerDiagonal6@0.5:0.5:0.5|LayerDiamond15@0.5:0.5:0.42
1068,Vehicle,10,7,404,808,161,Custom:X.XXXXXX/XXXXXXXX/XXXXXXX./XXXX.XXX/XXXXXXXX/XXXXXXXX@0:0:1|LayerStagger9@0.5:0.5:0.64|LayerDiagonal6@0.5:0.5:0.48|LayerLine12@0.5:0.5:0.5|LayerPillar12@0.5:0.5:0.42
1069,Weather,10,7,405,810,161,Custom:XXXXX.XXX/.XXXXX.XX/.XXXXXX.X/..XXXX.XX/XXXXXXXXX/.XXXXXXXX@0:0:1|LayerOffset12@0.5:0.5:0.64|LayerLine12@0.5:0.5:0.48|LayerCap18@0.5:0.5:0.5|LayerStagger9@0.5:0.5:0.42
1070,Fantasy,10,7,417,834,161,Custom:.XXXXXX./.XXXXXXX/XXXXXXXX/XXXXXXXX/XXXXXXXX/XXXXXXXX@0:0:1|LayerBlock9@0.5:0.5:0.64|LayerStagger9@0.5:0.5:0.48|LayerCross15@0.5:0.5:0.5|LayerCrown15@0.5:0.5:0.42
1071,Fantasy,10,7,405,810,161,Custom:.XX...X./.XXXXXX./..XXXXX./XX.XXXXX/XXXXXXXX/XXXXXXXX/XXXXXXXX@0:0:1|LayerLine12@0.5:0.5:0.64|LayerMiniDiamond9@0.5:0.5:0.48|LayerOffset12@0.5:0.5:0.5|LayerMiniDiamond9@0.5:0.5:0.42
1072,Food,10,7,405,810,162,Custom:XXX.X..X./XXX.XXX../XX.XXX.X./XX.XXX.../.X.XXX.XX/XXXXXXXX./XXXXXXXXX@0:0:1|LayerCorners12@0.5:0.5:0.64|LayerCross15@0.5:0.5:0.48|LayerDiamond15@0.5:0.5:0.5|LayerDiagonal6@0.5:0.5:0.42
1073,Plant,10,7,406,812,162,Custom:X....XXX/XX..XXXX/X...XXXX/XXXXXXXX/XXXXXXXX/XX.X.XXX/XXXXXXXX@0:0:1|LayerCrown15@0.5:0.5:0.64|LayerOffset12@0.5:0.5:0.48|LayerPillar12@0.5:0.5:0.5|LayerLine12@0.5:0.5:0.42
1074,Animal,10,7,406,812,162,Custom:XXXXX.../XXXXX.X./XX.X.XXX/XX..XXXX/XXX.XXXX/XXXXXXX./XXXXXXXX@0:0:1|LayerDiamond15@0.5:0.5:0.64|LayerPillar12@0.5:0.5:0.48|LayerStagger9@0.5:0.5:0.5|LayerCap18@0.5:0.5:0.42
1075,Sweet,10,7,406,812,182,Custom:..X...XXX/XXXX.XXXX/XX.XXXXXX/X..XXXXXX/XXXXXXXXX/XXXXXXXXX@0:0:1|LayerCap18@0.5:0.5:0.64|LayerDiagonal6@0.5:0.5:0.48|LayerCrown15@0.5:0.5:0.5|LayerCross15@0.5:0.5:0.42
1076,Bug,10,7,406,812,162,Custom:XXXXXXX./XXXXXXX./XXXXXXX./XXXXXXXX/XXXXXXXX/XXXXXXXX@0:0:1|LayerPillar12@0.5:0.5:0.64|LayerLine12@0.5:0.5:0.48|LayerMiniDiamond9@0.5:0.5:0.5|LayerOffset12@0.5:0.5:0.42
1077,Vehicle,10,7,406,812,162,Custom:XXXXXXXX/XXXXXXXX/.XXXXXXX/.XXXXXX./XXXXXXXX/XXXXXXXX@0:0:1|LayerCross15@0.5:0.5:0.64|LayerStagger9@0.5:0.5:0.48|LayerDiagonal6@0.5:0.5:0.5|LayerDiamond15@0.5:0.5:0.42
1078,Weather,10,7,407,814,162,Custom:.XX.X.X../X.XX...../XXXXXX.../XXXXXX.X./XXXXXXXX./XXXXXXXX./XXXXXXXXX@0:0:1|LayerStagger9@0.5:0.5:0.64|LayerMiniDiamond9@0.5:0.5:0.48|LayerLine12@0.5:0.5:0.5|LayerPillar12@0.5:0.5:0.42
1079,Tool,10,7,407,814,162,Custom:....XXX./XX.XXXX./XXXX..X./XX.XXXXX/XXXXXXXX/XXXXXXXX/XXXXXXXX@0:0:1|LayerOffset12@0.5:0.5:0.64|LayerCross15@0.5:0.5:0.48|LayerCap18@0.5:0.5:0.5|LayerStagger9@0.5:0.5:0.42
1080,Fantasy,10,7,419,838,163,Custom:XXX..XXX/XXX.XXXX/XXXXXXXX/XXXXXXXX/XXXXXXX./.X..XXXX/....XXXX@0:0:1|LayerBlock9@0.5:0.5:0.64|LayerOffset12@0.5:0.5:0.48|LayerCross15@0.5:0.5:0.5|LayerCrown15@0.5:0.5:0.42
1081,Food,10,7,407,814,163,Custom:...XXX.../..XXXXX../..XXXXXXX/.XXXXXXXX/XXXXXXX../XXXXXXXXX/.XXXX..XX@0:0:1|LayerLine12@0.5:0.5:0.64|LayerPillar12@0.5:0.5:0.48|LayerOffset12@0.5:0.5:0.5|LayerMiniDiamond9@0.5:0.5:0.42
1082,Plant,10,7,408,816,163,Custom:XXX.XX../XXXXXXXX/XXXXXXXX/XXXXXXXX/XXXXXXXX/XXXXXXXX@0:0:1|LayerCorners12@0.5:0.5:0.64|LayerDiagonal6@0.5:0.5:0.48|LayerDiamond15@0.5:0.5:0.5|LayerDiagonal6@0.5:0.5:0.42
1083,Animal,10,7,408,816,163,Custom:...XXXXX/X.XXXXXX/...XXXXX/.XXXXXX./XXXXXXX./XXXXXXX./XXXXXXXX@0:0:1|LayerCrown15@0.5:0.5:0.64|LayerLine12@0.5:0.5:0.48|LayerPillar12@0.5:0.5:0.5|LayerLine12@0.5:0.5:0.42
1084,Sweet,10,7,408,816,163,Custom:X.X.X.XX./XXXXXXXX./XXXX.XXXX/...XXXXXX/XXXXXXXXX/XXXXXXXXX@0:0:1|LayerDiamond15@0.5:0.5:0.64|LayerStagger9@0.5:0.5:0.48|LayerStagger9@0.5:0.5:0.5|LayerCap18@0.5:0.5:0.42
1085,Bug,10,7,408,816,163,Custom:X.XXXXXX/..X..XXX/X.X..XXX/XX..XXXX/XXXXXXXX/.XXXXXXX/XXXXXXXX@0:0:1|LayerCap18@0.5:0.5:0.64|LayerMiniDiamond9@0.5:0.5:0.48|LayerCrown15@0.5:0.5:0.5|LayerCross15@0.5:0.5:0.42
1086,Vehicle,10,7,408,816,163,Custom:.XXXXX../.XXXXXX./..XXXXXX/..XXXXXX/.XXXXXXX/.XXXXXXX/XXXXXXXX@0:0:1|LayerPillar12@0.5:0.5:0.64|LayerCross15@0.5:0.5:0.48|LayerMiniDiamond9@0.5:0.5:0.5|LayerOffset12@0.5:0.5:0.42
1087,Weather,10,7,409,818,163,Custom:XXX.XX..X/XXXX...XX/XXXXXX.X./XXXXXX..X/.X.XXX.../.XXXXXX../XXXXXXXXX@0:0:1|LayerCross15@0.5:0.5:0.64|LayerOffset12@0.5:0.5:0.48|LayerDiagonal6@0.5:0.5:0.5|LayerDiamond15@0.5:0.5:0.42
1088,Tool,10,7,409,818,164,Custom:XXX.XXXX/XXX.XXXX/XX..XXX./XX.XX.XX/XXX.XXXX/..XXXXXX/X.XXXXXX@0:0:1|LayerStagger9@0.5:0.5:0.64|LayerPillar12@0.5:0.5:0.48|LayerLine12@0.5:0.5:0.5|LayerPillar12@0.5:0.5:0.42
1089,Fantasy,10,7,409,818,164,Custom:..XXXXXX/.XXXXXXX/XXXXXXXX/XXXXXXXX/XXXXXXXX/XXXXXXXX@0:0:1|LayerOffset12@0.5:0.5:0.64|LayerDiagonal6@0.5:0.5:0.48|LayerCap18@0.5:0.5:0.5|LayerStagger9@0.5:0.5:0.42
1090,Fantasy,10,7,421,842,164,Custom:XXXXXX.XX/.X.XXX.X./XXXXXXX../XXXXXXX../XXXXXXXXX/XXXXXXXXX@0:0:1|LayerBlock9@0.5:0.5:0.64|LayerLine12@0.5:0.5:0.48|LayerCross15@0.5:0.5:0.5|LayerCrown15@0.5:0.5:0.42
1091,Plant,10,7,410,820,164,Custom:..XXXX.X/XXXXXXXX/XXXXXXXX/XXXXXXXX/XXXXXXXX/XXXXXXXX@0:0:1|LayerLine12@0.5:0.5:0.64|LayerStagger9@0.5:0.5:0.48|LayerOffset12@0.5:0.5:0.5|LayerMiniDiamond9@0.5:0.5:0.42
1092,Animal,10,7,410,820,164,Custom:X.XXXXX./..XXXX../.XXXXXX./..XXXX.X/XXXXXXXX/XXXXXXXX/XXXXXXXX@0:0:1|LayerCorners12@0.5:0.5:0.64|LayerMiniDiamond9@0.5:0.5:0.48|LayerDiamond15@0.5:0.5:0.5|LayerDiagonal6@0.5:0.5:0.42
1093,Sweet,10,7,410,820,164,Custom:X..XXXX../......XXX/.XX.X.XX./..XXXXXX./.XXXXXXXX/XXXXXXXXX/XXXXXXXXX@0:0:1|LayerCrown15@0.5:0.5:0.64|LayerCross15@0.5:0.5:0.48|LayerPillar12@0.5:0.5:0.5|LayerLine12@0.5:0.5:0.42
1094,Bug,10,7,410,820,164,Custom:....XX..X/..XXXX.../.XXXXXXX./.XXXXXX../XXXXXXXXX/..XXXXXXX/XXXXXXXXX@0:0:1|LayerDiamond15@0.5:0.5:0.64|LayerOffset12@0.5:0.5:0.48|LayerStagger9@0.5:0.5:0.5|LayerCap18@0.5:0.5:0.42
1095,Vehicle,10,7,410,820,164,Custom:.XXXX.../.XXXXXXX/.XXXXXXX/.XXXXXXX/.XXXXXXX/.XXXXXX./XXXXXXX.@0:0:1|LayerCap18@0.5:0.5:0.64|LayerPillar12@0.5:0.5:0.48|LayerCrown15@0.5:0.5:0.5|LayerCross15@0.5:0.5:0.42
1096,Weather,10,7,411,822,165,Custom:XXXX..XX./.XXX..XXX/X.XXXXX.X/XXXXXXX.X/XXXXXXXXX/XXXXXXXXX@0:0:1|LayerPillar12@0.5:0.5:0.64|LayerDiagonal6@0.5:0.5:0.48|LayerMiniDiamond9@0.5:0.5:0.5|LayerOffset12@0.5:0.5:0.42
1097,Tool,10,7,411,822,165,Custom:X.XXXXX./XXXXXXX./XXXXXXXX/XXXXXXXX/XXXXXXXX/XXXXXXXX@0:0:1|LayerCross15@0.5:0.5:0.64|LayerLine12@0.5:0.5:0.48|LayerDiagonal6@0.5:0.5:0.5|LayerDiamond15@0.5:0.5:0.42
1098,Fantasy,10,7,411,822,165,Custom:XXXXXX../XXXXXX.X/XXXXXXXX/XXXXXXXX/XXXXXXXX/XXXXXXXX@0:0:1|LayerStagger9@0.5:0.5:0.64|LayerStagger9@0.5:0.5:0.48|LayerLine12@0.5:0.5:0.5|LayerPillar12@0.5:0.5:0.42
1099,Food,10,7,411,822,165,Custom:X.XX...X./..X.X.X../XXXXXX.X./XXXXXXX../.XXXXXXX./XXXXXXXX./XXXXXXXXX@0:0:1|LayerOffset12@0.5:0.5:0.64|LayerMiniDiamond9@0.5:0.5:0.48|LayerCap18@0.5:0.5:0.5|LayerStagger9@0.5:0.5:0.42
1100,Fantasy,10,7,424,848,185,Custom:.XXX.XX../..XXXXX.X/.XXXXXXX./..X.XXX../..XXXXXX./.XXXXXXXX/XXXXXXXXX@0:0:1|LayerBlock9@0.5:0.5:0.64|LayerCross15@0.5:0.5:0.48|LayerCross15@0.5:0.5:0.5|LayerCrown15@0.5:0.5:0.42
1101,Animal,10,7,412,824,165,Custom:.X..XXX./.X.XX.X./XXXXXXXX/XXXXXXXX/XXXXXXX./.XXXXXXX/XXXXXXX.@0:0:1|LayerLine12@0.5:0.5:0.64|LayerOffset12@0.5:0.5:0.48|LayerOffset12@0.5:0.5:0.5|LayerMiniDiamond9@0.5:0.5:0.42
1102,Sweet,10,7,412,824,165,Custom:....XXX../...XXXXXX/..XXXXX.X/X.XXXXX.X/.XXXXXXX./.XXXXXXXX/.XXXXXXXX@0:0:1|LayerCorners12@0.5:0.5:0.64|LayerPillar12@0.5:0.5:0.48|LayerDiamond15@0.5:0.5:0.5|LayerDiagonal6@0.5:0.5:0.42
1103,Bug,10,7,412,824,165,Custom:..XXXXX../.XXXXXXXX/..XXXXXX./.XXXXXXXX/XXXXXXXXX/XXXXXXXXX@0:0:1|LayerCrown15@0.5:0.5:0.64|LayerDiagonal6@0.5:0.5:0.48|LayerPillar12@0.5:0.5:0.5|LayerLine12@0.5:0.5:0.42
1104,Vehicle,10,7,412,824,166,Custom:XX..XXXX/XXXXXXXX/XXXXXXXX/XXXXXXX./XXXXXXXX/XXXXXXXX@0:0:1|LayerDiamond15@0.5:0.5:0.64|LayerLine12@0.5:0.5:0.48|LayerStagger9@0.5:0.5:0.5|LayerCap18@0.5:0.5:0.42
1105,Weather,10,7,413,826,166,Custom:XXXXXXX.X/X.XXXXXXX/..XXXXXX./.XXXXXXX./.XXXXXXXX/.XXXXXXXX@0:0:1|LayerCap18@0.5:0.5:0.64|LayerStagger9@0.5:0.5:0.48|LayerCrown15@0.5:0.5:0.5|LayerCross15@0.5:0.5:0.42
1106,Tool,10,7,413,826,166,Custom:...XXXX../...XXXX../....XXXXX/.X..XXXXX/XXXXXXXX./XXXXXXXXX/XXXXXXXXX@0:0:1|LayerPillar12@0.5:0.5:0.64|LayerMiniDiamond9@0.5:0.5:0.48|LayerMiniDiamond9@0.5:0.5:0.5|LayerOffset12@0.5:0.5:0.42
1107,Fantasy,10,7,413,826,166,Custom:X....X.X/XX..X..X/XXXXX.XX/XXXXXXX./XXXXXXXX/XXXXXXXX/XXXXXXXX@0:0:1|LayerCross15@0.5:0.5:0.64|LayerCross15@0.5:0.5:0.48|LayerDiagonal6@0.5:0.5:0.5|LayerDiamond15@0.5:0.5:0.42
1108,Food,10,7,413,826,166,Custom:X..XX..X./XXXXXXXXX/XX.X.XX.X/.XXX.XXXX/.X.X.XXXX/X.XXXXXXX/...XXXXX.@0:0:1|LayerStagger9@0.5:0.5:0.64|LayerOffset12@0.5:0.5:0.48|LayerLine12@0.5:0.5:0.5|LayerPillar12@0.5:0.5:0.42
1109,Plant,10,7,413,826,166,Custom:.XXX.X.../X.....X../XXX...XXX/XXXX.XXXX/.XXXXXXXX/XXXXXXXXX/XXXXXXXX.@0:0:1|LayerOffset12@0.5:0.5:0.64|LayerPillar12@0.5:0.5:0.48|LayerCap18@0.5:0.5:0.5|LayerStagger9@0.5:0.5:0.42
1110,Fantasy,10,7,426,852,166,Custom:.X.XXXXX/XXXXXXX./XXXXXXXX/XXXXXXXX/XXXXXXXX/XXXXXXXX@0:0:1|LayerBlock9@0.5:0.5:0.64|LayerDiagonal6@0.5:0.5:0.48|LayerCross15@0.5:0.5:0.5|LayerCrown15@0.5:0.5:0.42
1111,Sweet,10,7,414,828,166,Custom:..XXXXX../.XXXXXXX./XXXXXXXXX/XXXX.XXXX/XXXXXXXXX/XXXXXXX..@0:0:1|LayerLine12@0.5:0.5:0.64|LayerLine12@0.5:0.5:0.48|LayerOffset12@0.5:0.5:0.5|LayerMiniDiamond9@0.5:0.5:0.42
1112,Bug,10,7,414,828,167,Custom:..XXXX.../XX.XXXX../XXXXXXXXX/XXXXXXX.X/XXXXXXXXX/XXXXXXXXX@0:0:1|LayerCorners12@0.5:0.5:0.64|LayerStagger9@0.5:0.5:0.48|LayerDiamond15@0.5:0.5:0.5|LayerDiagonal6@0.5:0.5:0.42
1113,Vehicle,10,7,414,828,167,Custom:..XXXXXX/.XXXXXXX/..XXXXXX/..X.XXXX/XXXXXXX./.XXXXXXX/.XXXXXXX@0:0:1|LayerCrown15@0.5:0.5:0.64|LayerMiniDiamond9@0.5:0.5:0.48|LayerPillar12@0.5:0.5:0.5|LayerLine12@0.5:0.5:0.42
1114,Weather,10,7,415,830,167,Custom:.XXXX..../...XX...X/..XXXX..X/.XXXXXXXX/..XXXXXXX/XXXXXXXXX/XXXXXXXXX@0:0:1|LayerDiamond15@0.5:0.5:0.64|LayerCross15@0.5:0.5:0.48|LayerStagger9@0.5:0.5:0.5|LayerCap18@0.5:0.5:0.42
1115,Tool,10,7,415,830,167,Custom:XX......./XXXXXX..X/XXXXXX.XX/XXXXXX.XX/XXXXXX.X./.XXXXX.../XXXXXXX.X@0:0:1|LayerCap18@0.5:0.5:0.64|LayerOffset12@0.5:0.5:0.48|LayerCrown15@0.5:0.5:0.5|LayerCross15@0.5:0.5:0.42
1116,Fantasy,10,7,415,830,167,Custom:XXXX.X../X.XXXX../XXX....X/XXXXXXXX/XXXXXXXX/XXXXXX.X/XXXXXXXX@0:0:1|LayerPillar12@0.5:0.5:0.64|LayerPillar12@0.5:0.5:0.48|LayerMiniDiamond9@0.5:0.5:0.5|LayerOffset12@0.5:0.5:0.42
1117,Food,10,7,415,830,167,Custom:.XXXXXX../.XXXXXXXX/XXXXXX..X/XXXXXX.X./.XXXXXXXX/XXXXXXXXX@0:0:1|LayerCross15@0.5:0.5:0.64|LayerDiagonal6@0.5:0.5:0.48|LayerDiagonal6@0.5:0.5:0.5|LayerDiamond15@0.5:0.5:0.42
1118,Plant,10,7,415,830,167,Custom:.XXXXXX../XXXXXXX.X/XXX.XXX../.XX.XXXXX/XXXXXXXXX/XXXXXXXXX@0:0:1|LayerStagger9@0.5:0.5:0.64|LayerLine12@0.5:0.5:0.48|LayerLine12@0.5:0.5:0.5|LayerPillar12@0.5:0.5:0.42
1119,Animal,10,7,416,832,167,Custom:.XXXXXX./XXXXXXXX/XXXXXXXX/XXXXXXXX/XXXXXXX./XXXXXXXX@0:0:1|LayerOffset12@0.5:0.5:0.64|LayerStagger9@0.5:0.5:0.48|LayerCap18@0.5:0.5:0.5|LayerStagger9@0.5:0.5:0.42
1120,Fantasy,10,7,428,856,168,Custom:XXXX...XX/XX...XXXX/X..X.XXX./X..XXX.X./X.XXXXX../.XXXXXXXX/XXXXXXXXX@0:0:1|LayerBlock9@0.5:0.5:0.64|LayerMiniDiamond9@0.5:0.5:0.48|LayerCross15@0.5:0.5:0.5|LayerCrown15@0.5:0.5:0.42
1121,Bug,10,7,416,832,168,Custom:..XXX.X../.XXXXX.../.X.XXX.../.XXXXXX../XXXXXXXX./XXXXXXXXX/XXXXXXXXX@0:0:1|LayerLine12@0.5:0.5:0.64|LayerCross15@0.5:0.5:0.48|LayerOffset12@0.5:0.5:0.5|LayerMiniDiamond9@0.5:0.5:0.42
1122,Vehicle,10,7,416,832,168,Custom:..XX..XX/..XX.XX./.XXXXXX./XXXXXXX./XXXXXXXX/XXXXXXXX/XXXXXXXX@0:0:1|LayerCorners12@0.5:0.5:0.64|LayerOffset12@0.5:0.5:0.48|LayerDiamond15@0.5:0.5:0.5|LayerDiagonal6@0.5:0.5:0.42
1123,Weather,10,7,417,834,168,Custom:X..XX..../X...X.X.X/XX.XXX.XX/XXXXXX.../X.XXXXXXX/X.XXXXXXX/XXXXXXXXX@0:0:1|LayerCrown15@0.5:0.5:0.64|LayerPillar12@0.5:0.5:0.48|LayerPillar12@0.5:0.5:0.5|LayerLine12@0.5:0.5:0.42
1124,Tool,10,7,417,834,168,Custom:XXXXXX.X./XXXXXX.XX/XXXXXX..X/XXXXXXXX./XXXXXXXX./..XXXXXXX@0:0:1|LayerDiamond15@0.5:0.5:0.64|LayerDiagonal6@0.5:0.5:0.48|LayerStagger9@0.5:0.5:0.5|LayerCap18@0.5:0.5:0.42
1125,Fantasy,10,7,417,834,188,Custom:XXXX.XXX/XXXXXXX./XXXX.XXX/XXXXXXXX/XXXXXXXX/XXXXXXXX@0:0:1|LayerCap18@0.5:0.5:0.64|LayerLine12@0.5:0.5:0.48|LayerCrown15@0.5:0.5:0.5|LayerCross15@0.5:0.5:0.42
1126,Food,10,7,417,834,168,Custom:XX..XXX../XXXXXXXXX/XXXXXXXX./.XXXXXX../XXXXXXXX./XXXXXXXXX@0:0:1|LayerPillar12@0.5:0.5:0.64|LayerStagger9@0.5:0.5:0.48|LayerMiniDiamond9@0.5:0.5:0.5|LayerOffset12@0.5:0.5:0.42
1127,Plant,10,7,417,834,168,Custom:..XX...X./.X..XXXXX/.XXXXXXX./X.XXXXXXX/.XXXXXXXX/...XXXXXX/.XXXXXXX.@0:0:1|LayerCross15@0.5:0.5:0.64|LayerMiniDiamond9@0.5:0.5:0.48|LayerDiagonal6@0.5:0.5:0.5|LayerDiamond15@0.5:0.5:0.42
1128,Animal,10,7,418,836,169,Custom:.XXXXXX./.XXXXXX./XXXXXXXX/XXXXXXXX/XXXX.XXX/...XXXXX/.XXX.XX.@0:0:1|LayerStagger9@0.5:0.5:0.64|LayerCross15@0.5:0.5:0.48|LayerLine12@0.5:0.5:0.5|LayerPillar12@0.5:0.5:0.42
1129,Sweet,10,7,418,836,169,Custom:..XXXX.../.XXXXX.../.XXXXXXX./.XXXXXX.X/XXXXXX.../XXXXXXXX./.XXXXXXXX@0:0:1|LayerOffset12@0.5:0.5:0.64|LayerOffset12@0.5:0.5:0.48|LayerCap18@0.5:0.5:0.5|LayerStagger9@0.5:0.5:0.42
1130,Fantasy,10,7,430,860,169,Custom:..X.XX.XX/...XXX.../.XXXXXXX./.X.XXXXX./.X.XXXXXX/.XXXXXXXX/XXXXXXXXX@0:0:1|LayerBlock9@0.5:0.5:0.64|LayerPillar12@0.5:0.5:0.48|LayerCross15@0.5:0.5:0.5|LayerCrown15@0.5:0.5:0.42
1131,Vehicle,10,7,418,836,169,Custom:XX.XX.XX/XXXX.XXX/XXXXXXXX/XXXXXXXX/XXXXXXXX/XXXXXXXX@0:0:1|LayerLine12@0.5:0.5:0.64|LayerDiagonal6@0.5:0.5:0.48|LayerOffset12@0.5:0.5:0.5|LayerMiniDiamond9@0.5:0.5:0.42
1132,Weather,10,7,419,838,169,Custom:.XXXX..X./..XXXX..X/XXXXXX.XX/XXXXXXXXX/XXXXXXXXX/XXXXXXXXX@0:0:1|LayerCorners12@0.5:0.5:0.64|LayerLine12@0.5:0.5:0.48|LayerDiamond15@0.5:0.5:0.5|LayerDiagonal6@0.5:0.5:0.42
1133,Tool,10,7,419,838,169,Custom:..XXX...X/X..XX.XXX/.XXXXXXXX/XXXXXXXXX/XXXXXXXXX/XXXXXXXXX@0:0:1|LayerCrown15@0.5:0.5:0.64|LayerStagger9@0.5:0.5:0.48|LayerPillar12@0.5:0.5:0.5|LayerLine12@0.5:0.5:0.42
1134,Fantasy,10,7,419,838,169,Custom:XX.XXXXX/.XX.XX../..XXXXX./.XXXXXX./XXXXXXX./XXXXXXXX/XXXXXXXX@0:0:1|LayerDiamond15@0.5:0.5:0.64|LayerMiniDiamond9@0.5:0.5:0.48|LayerStagger9@0.5:0.5:0.5|LayerCap18@0.5:0.5:0.42
1135,Food,10,7,419,838,169,Custom:X.XX...../X..X.XXX./..XXXXX../..XXXXXXX/X.XXXXX.X/XXXXXXXXX/XXXXXXXXX@0:0:1|LayerCap18@0.5:0.5:0.64|LayerCross15@0.5:0.5:0.48|LayerCrown15@0.5:0.5:0.5|LayerCross15@0.5:0.5:0.42
1136,Plant,10,7,419,838,170,Custom:X..XXXXX/X.XXXXXX/..XXXXXX/..XXXXX./XXXXXXX./XXXXXXX./XXXXXXX.@0:0:1|LayerPillar12@0.5:0.5:0.64|LayerOffset12@0.5:0.5:0.48|LayerMiniDiamond9@0.5:0.5:0.5|LayerOffset12@0.5:0.5:0.42
1137,Animal,10,7,420,840,170,Custom:XXXXXX../.XXXXX../.XXXX.XX/XXXXXXXX/XXXXX.XX/.XXXXXX./XXXXX.XX@0:0:1|LayerCross15@0.5:0.5:0.64|LayerPillar12@0.5:0.5:0.48|LayerDiagonal6@0.5:0.5:0.5|LayerDiamond15@0.5:0.5:0.42
1138,Sweet,10,7,420,840,170,Custom:.XXXXXX./XXXXXXX./XXXXXXXX/XXXXXXXX/XXXXXXXX/XXXXXXXX@0:0:1|LayerStagger9@0.5:0.5:0.64|LayerDiagonal6@0.5:0.5:0.48|LayerLine12@0.5:0.5:0.5|LayerPillar12@0.5:0.5:0.42
1139,Bug,10,7,420,840,170,Custom:...XXX.../X.XXXXXXX/XXXXXXXXX/X.XXXX.XX/XXXXXXXXX/XXXXXXXXX@0:0:1|LayerOffset12@0.5:0.5:0.64|LayerLine12@0.5:0.5:0.48|LayerCap18@0.5:0.5:0.5|LayerStagger9@0.5:0.5:0.42
1140,Fantasy,10,7,432,864,170,Custom:..XX.XXX/XXXXXXXX/XXXXXXXX/XXXXXXXX/XXXXXXXX/XXXXXXXX@0:0:1|LayerBlock9@0.5:0.5:0.64|LayerStagger9@0.5:0.5:0.48|LayerCross15@0.5:0.5:0.5|LayerCrown15@0.5:0.5:0.42
1141,Weather,10,7,421,842,170,Custom:.XXXXXXX/.XXXXXX./..XXXX../..XXXXX./XXXXXXX./XXXXXXXX/XXXXXXXX@0:0:1|LayerLine12@0.5:0.5:0.64|LayerMiniDiamond9@0.5:0.5:0.48|LayerOffset12@0.5:0.5:0.5|LayerMiniDiamond9@0.5:0.5:0.42
1142,Tool,10,7,421,842,170,Custom:X....XXX./XX..X.XXX/XXXXXXXXX/X..XXXXXX/.XXXX.XXX/.XX.X.XXX/..X.XXXXX@0:0:1|LayerCorners12@0.5:0.5:0.64|LayerCross15@0.5:0.5:0.48|LayerDiamond15@0.5:0.5:0.5|LayerDiagonal6@0.5:0.5:0.42
1143,Fantasy,10,7,421,842,170,Custom:.X...XX./XXX.XXXX/XXX.XXXX/.XXXXXX./.XXXXXX./XXXXXXXX/XXXXXXXX@0:0:1|LayerCrown15@0.5:0.5:0.64|LayerOffset12@0.5:0.5:0.48|LayerPillar12@0.5:0.5:0.5|LayerLine12@0.5:0.5:0.42
1144,Food,10,7,421,842,171,Custom:.XX..XX./XXXX.XXX/XXXX..X./XXXX.XX./XXXXXXXX/XXXXXX.X/XXXXXXXX@0:0:1|LayerDiamond15@0.5:0.5:0.64|LayerPillar12@0.5:0.5:0.48|LayerStagger9@0.5:0.5:0.5|LayerCap18@0.5:0.5:0.42
1145,Plant,10,7,421,842,171,Custom:..XXXXXX./XXXXXXX../..XXXXXX./.XXXXXXXX/XXXXXXXXX/XXXXXXXXX@0:0:1|LayerCap18@0.5:0.5:0.64|LayerDiagonal6@0.5:0.5:0.48|LayerCrown15@0.5:0.5:0.5|LayerCross15@0.5:0.5:0.42
1146,Animal,10,7,422,844,171,Custom:XXXXXXXX/.XXXXXXX/..XXXXXX/XXXXXXXX/XXXXXXXX/XXXXXXXX@0:0:1|LayerPillar12@0.5:0.5:0.64|LayerLine12@0.5:0.5:0.48|LayerMiniDiamond9@0.5:0.5:0.5|LayerOffset12@0.5:0.5:0.42
1147,Sweet,10,7,422,844,171,Custom:.XX.XXX./XXXXXXXX/XXXXXXXX/XXXXXXXX/XXXXXXXX/XXXXXXXX@0:0:1|LayerCross15@0.5:0.5:0.64|LayerStagger9@0.5:0.5:0.48|LayerDiagonal6@0.5:0.5:0.5|LayerDiamond15@0.5:0.5:0.42
1148,Bug,10,7,422,844,171,Custom:.XXXXXXXX/..XXXXXX./...X.XXXX/...XXXXX./..XXXXX../.XXXXXXXX/XXXXXXX.X@0:0:1|LayerStagger9@0.5:0.5:0.64|LayerMiniDiamond9@0.5:0.5:0.48|LayerLine12@0.5:0.5:0.5|LayerPillar12@0.5:0.5:0.42
1149,Vehicle,10,7,422,844,171,Custom:XXXXX.X./XXXX.XXX/XXX..XX./XXXX.X.X/XXXX.XX./XXXXXXX./XXXXXXXX@0:0:1|LayerOffset12@0.5:0.5:0.64|LayerCross15@0.5:0.5:0.48|LayerCap18@0.5:0.5:0.5|LayerStagger9@0.5:0.5:0.42
1150,Fantasy,10,7,435,870,191,Custom:X.XX...X/XXXXX.XX/XXXXXXXX/..XXX.../.XXXXXXX/XXXXXXXX/XXXXXXXX@0:0:1|LayerBlock9@0.5:0.5:0.64|LayerOffset12@0.5:0.5:0.48|LayerCross15@0.5:0.5:0.5|LayerCrown15@0.5:0.5:0.42
1151,Tool,10,7,423,846,171,Custom:.....X.X./.XXXXXXXX/XXXXXXXXX/.XXXXXXXX/XXXXXXXXX/XXXXXXXXX@0:0:1|LayerLine12@0.5:0.5:0.64|LayerPillar12@0.5:0.5:0.48|LayerOffset12@0.5:0.5:0.5|LayerMiniDiamond9@0.5:0.5:0.42
1152,Fantasy,10,7,423,846,172,Custom:..XXXXXX/XXXXX.XX/XXXXXXXX/XXXXXXXX/XXXXXXXX/XXXXXXXX@0:0:1|LayerCorners12@0.5:0.5:0.64|LayerDiagonal6@0.5:0.5:0.48|LayerDiamond15@0.5:0.5:0.5|LayerDiagonal6@0.5:0.5:0.42
1153,Food,10,7,423,846,172,Custom:.XXX.X.X/XXXXXXXX/XXXXXXXX/XXXXXXXX/XXXXXXXX/XXXXXXXX@0:0:1|LayerCrown15@0.5:0.5:0.64|LayerLine12@0.5:0.5:0.48|LayerPillar12@0.5:0.5:0.5|LayerLine12@0.5:0.5:0.42
1154,Plant,10,7,423,846,172,Custom:..X.XXXXX/.XXXXXXXX/..XXXXXXX/X.XXXXXXX/..XXXXXXX/XXXXXXXXX@0:0:1|LayerDiamond15@0.5:0.5:0.64|LayerStagger9@0.5:0.5:0.48|LayerStagger9@0.5:0.5:0.5|LayerCap18@0.5:0.5:0.42
1155,Animal,10,7,424,848,172,Custom:.XXXX.../..XXXXX./.XXXXXX./XXXXXXXX/.XXXXXXX/X.XXXXXX/XXXXXXXX@0:0:1|LayerCap18@0.5:0.5:0.64|LayerMiniDiamond9@0.5:0.5:0.48|LayerCrown15@0.5:0.5:0.5|LayerCross15@0.5:0.5:0.42
1156,Sweet,10,7,424,848,172,Custom:.XX..XX./.XXXXXX./XXXXXXX./XXX.XXX./X.XXXX.X/XXXXXXXX/XXXXXXXX@0:0:1|LayerPillar12@0.5:0.5:0.64|LayerCross15@0.5:0.5:0.48|LayerMiniDiamond9@0.5:0.5:0.5|LayerOffset12@0.5:0.5:0.42
1157,Bug,10,7,424,848,172,Custom:X.X...X../XXXX.XX../.XXXXXXXX/..XXXXX../.XXXXXX../XXXXXXXX./XXXXXXXXX@0:0:1|LayerCross15@0.5:0.5:0.64|LayerOffset12@0.5:0.5:0.48|LayerDiagonal6@0.5:0.5:0.5|LayerDiamond15@0.5:0.5:0.42
1158,Vehicle,10,7,424,848,172,Custom:XX.XX.XX/XXXXXXXX/XXXXXXXX/X.XXXXXX/XXXXXXXX/XXXXXXXX@0:0:1|LayerStagger9@0.5:0.5:0.64|LayerPillar12@0.5:0.5:0.48|LayerLine12@0.5:0.5:0.5|LayerPillar12@0.5:0.5:0.42
1159,Weather,10,7,424,848,172,Custom:..XXXXX./XXXXXXXX/XXXXXXXX/XXXXXXXX/XXXXXXXX/XXXXXXXX@0:0:1|LayerOffset12@0.5:0.5:0.64|LayerDiagonal6@0.5:0.5:0.48|LayerCap18@0.5:0.5:0.5|LayerStagger9@0.5:0.5:0.42
1160,Fantasy,10,7,437,874,173,Custom:X..XXX.../XXXXXXXX./XXXXXX.XX/XXXXXXXXX/XXXX.XX.X/XXXXXXXXX@0:0:1|LayerBlock9@0.5:0.5:0.64|LayerLine12@0.5:0.5:0.48|LayerCross15@0.5:0.5:0.5|LayerCrown15@0.5:0.5:0.42
1161,Fantasy,10,7,425,850,173,Custom:XXXXXX../XXXXXXXX/XXXXXXXX/XX.XXXXX/XXXXXXXX/XXXXXXXX@0:0:1|LayerLine12@0.5:0.5:0.64|LayerStagger9@0.5:0.5:0.48|LayerOffset12@0.5:0.5:0.5|LayerMiniDiamond9@0.5:0.5:0.42
1162,Food,10,7,425,850,173,Custom:X.XXXXXX/.X.XXXX./..XXXXX./.XXXXXXX/..XXXXX./XXXXXXXX/XXXXXXXX@0:0:1|LayerCorners12@0.5:0.5:0.64|LayerMiniDiamond9@0.5:0.5:0.48|LayerDiamond15@0.5:0.5:0.5|LayerDiagonal6@0.5:0.5:0.42
1163,Plant,10,7,425,850,173,Custom:....XXXX./..XXX.XXX/XXXXXXXXX/XXXXXX.X./.XXX.X.../XXXXXXXX./X.XXXXX.X@0:0:1|LayerCrown15@0.5:0.5:0.64|LayerCross15@0.5:0.5:0.48|LayerPillar12@0.5:0.5:0.5|LayerLine12@0.5:0.5:0.42
1164,Animal,10,7,426,852,173,Custom:.....X.X/X..XX.XX/X.XXXXXX/X.XXXXXX/XXXXXXXX/XXXXXXXX/XXXXXXXX@0:0:1|LayerDiamond15@0.5:0.5:0.64|LayerOffset12@0.5:0.5:0.48|LayerStagger9@0.5:0.5:0.5|LayerCap18@0.5:0.5:0.42
1165,Sweet,10,7,426,852,173,Custom:XX.XXXXX/.XXXXXXX/XXXXXXXX/XXXXXXXX/XXXXX.XX/XXXXXXXX@0:0:1|LayerCap18@0.5:0.5:0.64|LayerPillar12@0.5:0.5:0.48|LayerCrown15@0.5:0.5:0.5|LayerCross15@0.5:0.5:0.42
1166,Bug,10,7,426,852,173,Custom:.XXXXXX.X/..XXXX.X./..XXXXXXX/XXXXXXXXX/.XXXXXXXX/XXXXXXXXX@0:0:1|LayerPillar12@0.5:0.5:0.64|LayerDiagonal6@0.5:0.5:0.48|LayerMiniDiamond9@0.5:0.5:0.5|LayerOffset12@0.5:0.5:0.42
1167,Vehicle,10,7,426,852,173,Custom:XXXXXXXX/XXXXX..X/XXXX.XXX/XXXXXXXX/XXXXXXXX/XXXXXXXX@0:0:1|LayerCross15@0.5:0.5:0.64|LayerLine12@0.5:0.5:0.48|LayerDiagonal6@0.5:0.5:0.5|LayerDiamond15@0.5:0.5:0.42
1168,Weather,10,7,426,852,174,Custom:XXXXXX../XXXXXXX./XXXXXXXX/XXXXXXXX/XXXXXXXX/XXXXXXXX@0:0:1|LayerStagger9@0.5:0.5:0.64|LayerStagger9@0.5:0.5:0.48|LayerLine12@0.5:0.5:0.5|LayerPillar12@0.5:0.5:0.42
1169,Tool,10,7,427,854,174,Custom:..XXXX.../..XXXXX.X/..X..XXX./.XXXXXXX./..XXXXXXX/XXXXXXXXX/XXXXXXXX.@0:0:1|LayerOffset12@0.5:0.5:0.64|LayerMiniDiamond9@0.5:0.5:0.48|LayerCap18@0.5:0.5:0.5|LayerStagger9@0.5:0.5:0.42
1170,Fantasy,10,7,439,878,174,Custom:...XXXXX/..X..XXX/..XXXXXX/XX.XXXX./XXXXXXXX/XXXXXXXX/XXXXXXXX@0:0:1|LayerBlock9@0.5:0.5:0.64|LayerCross15@0.5:0.5:0.48|LayerCross15@0.5:0.5:0.5|LayerCrown15@0.5:0.5:0.42
1171,Food,10,7,427,854,174,Custom:XX.XXXX./.XXXX..X/.XXXXXX./.XXXXXXX/.XXXXXX./.XXXXXXX/XXXXXXXX@0:0:1|LayerLine12@0.5:0.5:0.64|LayerOffset12@0.5:0.5:0.48|LayerOffset12@0.5:0.5:0.5|LayerMiniDiamond9@0.5:0.5:0.42
1172,Plant,10,7,427,854,174,Custom:XXXXX.X.X/XXXXXX.XX/XXXX.X.XX/XXXXX...X/XXXXX.XXX/XXXXXXXXX@0:0:1|LayerCorners12@0.5:0.5:0.64|LayerPillar12@0.5:0.5:0.48|LayerDiamond15@0.5:0.5:0.5|LayerDiagonal6@0.5:0.5:0.42
1173,Animal,10,7,428,856,174,Custom:XXXXXXXX/XXXXXXXX/.XXXXXXX/XXXXXXXX/XXX.XXXX/XXX.XXXX@0:0:1|LayerCrown15@0.5:0.5:0.64|LayerDiagonal6@0.5:0.5:0.48|LayerPillar12@0.5:0.5:0.5|LayerLine12@0.5:0.5:0.42
1174,Sweet,10,7,428,856,174,Custom:XXX..XXX/XXXXXXXX/XXXXXXXX/XXXXXXXX/XXXXXXXX/.XXXXXXX@0:0:1|LayerDiamond15@0.5:0.5:0.64|LayerLine12@0.5:0.5:0.48|LayerStagger9@0.5:0.5:0.5|LayerCap18@0.5:0.5:0.42
1175,Bug,10,7,428,856,194,Custom:...XXXXX./.XXXXXXX./XXXXXXX.X/XXXXXXXX./XXXXXXXXX/XXXXXXXX.@0:0:1|LayerCap18@0.5:0.5:0.64|LayerStagger9@0.5:0.5:0.48|LayerCrown15@0.5:0.5:0.5|LayerCross15@0.5:0.5:0.42
1176,Vehicle,10,7,428,856,175,Custom:..X.XXXX/.XX.XXXX/..XX.XX./XXXXXXXX/XXXXXXX./.XXXXXXX/XXXXXXXX@0:0:1|LayerPillar12@0.5:0.5:0.64|LayerMiniDiamond9@0.5:0.5:0.48|LayerMiniDiamond9@0.5:0.5:0.5|LayerOffset12@0.5:0.5:0.42
1177,Weather,10,7,428,856,175,Custom:.X.X..../.XXXX.../XXXXXXX./XXXXXXXX/XXXXXXXX/XXXXXXXX/XXXXXXXX@0:0:1|LayerCross15@0.5:0.5:0.64|LayerCross15@0.5:0.5:0.48|LayerDiagonal6@0.5:0.5:0.5|LayerDiamond15@0.5:0.5:0.42
1178,Tool,10,7,429,858,175,Custom:....X..../.XXXXXX.X/X..XX...X/XXXXXXXXX/.XXXXXXX./XXXXXXXX./XXXXXXXXX@0:0:1|LayerStagger9@0.5:0.5:0.64|LayerOffset12@0.5:0.5:0.48|LayerLine12@0.5:0.5:0.5|LayerPillar12@0.5:0.5:0.42
1179,Fantasy,10,7,429,858,175,Custom:.X.XXXX./XXXXXXXX/XXXXXXXX/XXXXXXXX/XXXXXXXX/XXXXXXXX@0:0:1|LayerOffset12@0.5:0.5:0.64|LayerPillar12@0.5:0.5:0.48|LayerCap18@0.5:0.5:0.5|LayerStagger9@0.5:0.5:0.42
1180,Fantasy,10,7,441,882,175,Custom:XXX.XXXX/XXXXXXXX/XXXXX.XX/.XXXXXXX/XXXXXXXX/XXXXXXXX@0:0:1|LayerBlock9@0.5:0.5:0.64|LayerDiagonal6@0.5:0.5:0.48|LayerCross15@0.5:0.5:0.5|LayerCrown15@0.5:0.5:0.42
1181,Plant,10,7,429,858,175,Custom:XXXXX.XXX/XX.....X./XXX.XXXX./XXXXXXXXX/XXXXXXXXX/XXXXXXXXX@0:0:1|LayerLine12@0.5:0.5:0.64|LayerLine12@0.5:0.5:0.48|LayerOffset12@0.5:0.5:0.5|LayerMiniDiamond9@0.5:0.5:0.42
1182,Animal,10,7,430,860,175,Custom:XXXX..X./XXXXXXXX/XXXXXXXX/XXXXXXXX/XXXXXXXX/XXXXXXXX@0:0:1|LayerCorners12@0.5:0.5:0.64|LayerStagger9@0.5:0.5:0.48|LayerDiamond15@0.5:0.5:0.5|LayerDiagonal6@0.5:0.5:0.42
1183,Sweet,10,7,430,860,175,Custom:..X..X.X/X.X.XXX./X.XXXXXX/XXXXXXXX/XXXXXXXX/XX.XXXXX/.XXXXXXX@0:0:1|LayerCrown15@0.5:0.5:0.64|LayerMiniDiamond9@0.5:0.5:0.48|LayerPillar12@0.5:0.5:0.5|LayerLine12@0.5:0.5:0.42
1184,Bug,10,7,430,860,176,Custom:.XXXX.XX./...X.X.X./..XXXXX../.XXXXXXX./..XXXXX.X/XXXXXXXXX/XXXXXXXXX@0:0:1|LayerDiamond15@0.5:0.5:0.64|LayerCross15@0.5:0.5:0.48|LayerStagger9@0.5:0.5:0.5|LayerCap18@0.5:0.5:0.42
1185,Vehicle,10,7,430,860,176,Custom:XXXXXX.../...XX.X../X.XXXX.XX/.X.XXX.XX/..XXXXXX./.XXXXXXXX/XXXXXXXXX@0:0:1|LayerCap18@0.5:0.5:0.64|LayerOffset12@0.5:0.5:0.48|LayerCrown15@0.5:0.5:0.5|LayerCross15@0.5:0.5:0.42
1186,Weather,10,7,430,860,176,Custom:.XXXXXXX/XXXXXX../XXXXXXXX/XXXXXXXX/XXXXXXXX/XXXXXXXX@0:0:1|LayerPillar12@0.5:0.5:0.64|LayerPillar12@0.5:0.5:0.48|LayerMiniDiamond9@0.5:0.5:0.5|LayerOffset12@0.5:0.5:0.42
1187,Tool,10,7,431,862,176,Custom:..X...XXX/..XXXXX.X/.XXXXXXXX/XXXXXXXXX/XXXXXXXXX/XXXXXXXXX@0:0:1|LayerCross15@0.5:0.5:0.64|LayerDiagonal6@0.5:0.5:0.48|LayerDiagonal6@0.5:0.5:0.5|LayerDiamond15@0.5:0.5:0.42
1188,Fantasy,10,7,431,862,176,Custom:XXXXXX.../XXXXXXXX./XXXXXXX../XXXXXXX../XXXXXXXX./XXXXXXXXX@0:0:1|LayerStagger9@0.5:0.5:0.64|LayerLine12@0.5:0.5:0.48|LayerLine12@0.5:0.5:0.5|LayerPillar12@0.5:0.5:0.42
1189,Food,10,7,431,862,176,Custom:XX.XXXXX/.XXXXXXX/XXXXXXXX/.XXXXXXX/XXXXXXXX/XXXXXXXX@0:0:1|LayerOffset12@0.5:0.5:0.64|LayerStagger9@0.5:0.5:0.48|LayerCap18@0.5:0.5:0.5|LayerStagger9@0.5:0.5:0.42
1190,Fantasy,10,7,443,886,176,Custom:XXXX.X.../XXXXXXX../X.XXX.X../.XXXXX.../..XXXXXX./XXXXXXXX./XXXXXXXXX@0:0:1|LayerBlock9@0.5:0.5:0.64|LayerMiniDiamond9@0.5:0.5:0.48|LayerCross15@0.5:0.5:0.5|LayerCrown15@0.5:0.5:0.42
1191,Animal,10,7,432,864,176,Custom:.X...XXX./.......XX/..XXX.XXX/XXXXX.XXX/.XXXXXXXX/XXXX.XXXX/XXXXXXXXX@0:0:1|LayerLine12@0.5:0.5:0.64|LayerCross15@0.5:0.5:0.48|LayerOffset12@0.5:0.5:0.5|LayerMiniDiamond9@0.5:0.5:0.42
1192,Sweet,10,7,432,864,177,Custom:...X.X.X/.XX.XXXX/.X.XXX../XXXXXXXX/XXXXXXXX/XXXXXXXX/XXXXXXXX@0:0:1|LayerCorners12@0.5:0.5:0.64|LayerOffset12@0.5:0.5:0.48|LayerDiamond15@0.5:0.5:0.5|LayerDiagonal6@0.5:0.5:0.42
1193,Bug,10,7,432,864,177,Custom:..X.XXXXX/.X.XXXXXX/.XX..XXXX/XXXXXXXXX/XXXXXX.XX/XXXXXXXXX@0:0:1|LayerCrown15@0.5:0.5:0.64|LayerPillar12@0.5:0.5:0.48|LayerPillar12@0.5:0.5:0.5|LayerLine12@0.5:0.5:0.42
1194,Vehicle,10,7,432,864,177,Custom:..XX.XXX./XXXXXXXXX/XXXXXXXXX/XXXXXXXXX/XXXXXXXXX/..XXXX...@0:0:1|LayerDiamond15@0.5:0.5:0.64|LayerDiagonal6@0.5:0.5:0.48|LayerStagger9@0.5:0.5:0.5|LayerCap18@0.5:0.5:0.42
1195,Weather,10,7,432,864,177,Custom:.XXXXXXX/X.XXXXXX/.XXXXXXX/XXXXXXXX/XXXXXXXX/XXXXXXXX@0:0:1|LayerCap18@0.5:0.5:0.64|LayerLine12@0.5:0.5:0.48|LayerCrown15@0.5:0.5:0.5|LayerCross15@0.5:0.5:0.42
1196,Tool,10,7,433,866,177,Custom:.XXXXX.X./.XXXXXXX./.XXXXXXXX/.XXXXXX.X/XXXXXXXXX/XXXXXXXX.@0:0:1|LayerPillar12@0.5:0.5:0.64|LayerStagger9@0.5:0.5:0.48|LayerMiniDiamond9@0.5:0.5:0.5|LayerOffset12@0.5:0.5:0.42
1197,Fantasy,10,7,433,866,177,Custom:..X..XX../.XXX..XX./.XX.XXXXX/XXXXXXXXX/.XXXXXXX./.XXXXXXX./.XXXXXXX.@0:0:1|LayerCross15@0.5:0.5:0.64|LayerMiniDiamond9@0.5:0.5:0.48|LayerDiagonal6@0.5:0.5:0.5|LayerDiamond15@0.5:0.5:0.42
1198,Food,10,7,433,866,177,Custom:...XXXX./..XXXXX./...XXXXX/XXXXXXXX/.XXXXXXX/XXXXXXXX/XXXXXXXX@0:0:1|LayerStagger9@0.5:0.5:0.64|LayerCross15@0.5:0.5:0.48|LayerLine12@0.5:0.5:0.5|LayerPillar12@0.5:0.5:0.42
1199,Plant,10,7,433,866,177,Custom:...XX.X../.X.XXXX../XXXX.XXXX/...XXXXXX/XX.XXXXXX/XXXXXXXXX/...XXXXXX@0:0:1|LayerOffset12@0.5:0.5:0.64|LayerOffset12@0.5:0.5:0.48|LayerCap18@0.5:0.5:0.5|LayerStagger9@0.5:0.5:0.42
1200,Fantasy,10,7,446,892,198,Custom:.XXX.XXX./XXX.X.XXX/XX...XXXX/XXXXXXXXX/XXXXXXXXX/XXXXXXXX.@0:0:1|LayerBlock9@0.5:0.5:0.64|LayerPillar12@0.5:0.5:0.48|LayerCross15@0.5:0.5:0.5|LayerCrown15@0.5:0.5:0.42
